#group,false,false,true,true,false,false,true,true
#datatype,string,long,dateTime:RFC3339,dateTime:RFC3339,dateTime:RFC3339,double,string,string
#default,mean,,,,,,,
,result,table,_start,_stop,_time,_value,_field,_measurement
,,0,2026-01-05T12:03:43.299262907Z,2026-01-05T13:03:43.299262907Z,2026-01-05T12:09:50Z,4.085648,battery_voltage_V,ina226
,,0,2026-01-05T12:03:43.299262907Z,2026-01-05T13:03:43.299262907Z,2026-01-05T12:10:00Z,4.09089,battery_voltage_V,ina226
,,0,2026-01-05T12:03:43.299262907Z,2026-01-05T13:03:43.299262907Z,2026-01-05T12:10:10Z,4.087396,battery_voltage_V,ina226
,,0,2026-01-05T12:03:43.299262907Z,2026-01-05T13:03:43.299262907Z,2026-01-05T12:10:20Z,4.085648,battery_voltage_V,ina226
,,0,2026-01-05T12:03:43.299262907Z,2026-01-05T13:03:43.299262907Z,2026-01-05T12:10:30Z,4.085648,battery_voltage_V,ina226
,,0,2026-01-05T12:03:43.299262907Z,2026-01-05T13:03:43.299262907Z,2026-01-05T12:10:40Z,4.07691,battery_voltage_V,ina226
,,0,2026-01-05T12:03:43.299262907Z,2026-01-05T13:03:43.299262907Z,2026-01-05T12:10:50Z,4.085648,battery_voltage_V,ina226
,,0,2026-01-05T12:03:43.299262907Z,2026-01-05T13:03:43.299262907Z,2026-01-05T12:11:00Z,4.082153,battery_voltage_V,ina226
,,0,2026-01-05T12:03:43.299262907Z,2026-01-05T13:03:43.299262907Z,2026-01-05T12:11:10Z,4.085648,battery_voltage_V,ina226
,,0,2026-01-05T12:03:43.299262907Z,2026-01-05T13:03:43.299262907Z,2026-01-05T12:11:20Z,4.0839,battery_voltage_V,ina226
,,0,2026-01-05T12:03:43.299262907Z,2026-01-05T13:03:43.299262907Z,2026-01-05T12:11:30Z,4.0839,battery_voltage_V,ina226
,,0,2026-01-05T12:03:43.299262907Z,2026-01-05T13:03:43.299262907Z,2026-01-05T12:11:40Z,4.082153,battery_voltage_V,ina226
,,0,2026-01-05T12:03:43.299262907Z,2026-01-05T13:03:43.299262907Z,2026-01-05T12:11:50Z,4.0839,battery_voltage_V,ina226
,,0,2026-01-05T12:03:43.299262907Z,2026-01-05T13:03:43.299262907Z,2026-01-05T12:12:00Z,4.082153,battery_voltage_V,ina226
,,0,2026-01-05T12:03:43.299262907Z,2026-01-05T13:03:43.299262907Z,2026-01-05T12:12:10Z,4.082153,battery_voltage_V,ina226
,,0,2026-01-05T12:03:43.299262907Z,2026-01-05T13:03:43.299262907Z,2026-01-05T12:12:20Z,4.075163,battery_voltage_V,ina226
,,0,2026-01-05T12:03:43.299262907Z,2026-01-05T13:03:43.299262907Z,2026-01-05T12:12:30Z,4.082153,battery_voltage_V,ina226
,,0,2026-01-05T12:03:43.299262907Z,2026-01-05T13:03:43.299262907Z,2026-01-05T12:12:40Z,4.0839,battery_voltage_V,ina226
,,0,2026-01-05T12:03:43.299262907Z,2026-01-05T13:03:43.299262907Z,2026-01-05T12:13:00Z,4.078658,battery_voltage_V,ina226
,,0,2026-01-05T12:03:43.299262907Z,2026-01-05T13:03:43.299262907Z,2026-01-05T12:13:20Z,4.0725415,battery_voltage_V,ina226
,,0,2026-01-05T12:03:43.299262907Z,2026-01-05T13:03:43.299262907Z,2026-01-05T12:13:30Z,4.066426,battery_voltage_V,ina226
,,0,2026-01-05T12:03:43.299262907Z,2026-01-05T13:03:43.299262907Z,2026-01-05T12:13:40Z,4.071668,battery_voltage_V,ina226
,,0,2026-01-05T12:03:43.299262907Z,2026-01-05T13:03:43.299262907Z,2026-01-05T12:13:50Z,4.066426,battery_voltage_V,ina226
,,0,2026-01-05T12:03:43.299262907Z,2026-01-05T13:03:43.299262907Z,2026-01-05T12:14:00Z,4.066426,battery_voltage_V,ina226
,,0,2026-01-05T12:03:43.299262907Z,2026-01-05T13:03:43.299262907Z,2026-01-05T12:14:10Z,4.068173,battery_voltage_V,ina226
,,0,2026-01-05T12:03:43.299262907Z,2026-01-05T13:03:43.299262907Z,2026-01-05T12:14:20Z,4.064678,battery_voltage_V,ina226
,,0,2026-01-05T12:03:43.299262907Z,2026-01-05T13:03:43.299262907Z,2026-01-05T12:14:30Z,4.078658,battery_voltage_V,ina226
,,0,2026-01-05T12:03:43.299262907Z,2026-01-05T13:03:43.299262907Z,2026-01-05T12:14:40Z,4.071668,battery_voltage_V,ina226
,,0,2026-01-05T12:03:43.299262907Z,2026-01-05T13:03:43.299262907Z,2026-01-05T12:14:50Z,4.07691,battery_voltage_V,ina226
,,0,2026-01-05T12:03:43.299262907Z,2026-01-05T13:03:43.299262907Z,2026-01-05T12:15:00Z,4.078658,battery_voltage_V,ina226
,,0,2026-01-05T12:03:43.299262907Z,2026-01-05T13:03:43.299262907Z,2026-01-05T12:15:10Z,4.07691,battery_voltage_V,ina226
,,0,2026-01-05T12:03:43.299262907Z,2026-01-05T13:03:43.299262907Z,2026-01-05T12:15:20Z,4.062931,battery_voltage_V,ina226
,,0,2026-01-05T12:03:43.299262907Z,2026-01-05T13:03:43.299262907Z,2026-01-05T12:15:30Z,4.068173,battery_voltage_V,ina226
,,0,2026-01-05T12:03:43.299262907Z,2026-01-05T13:03:43.299262907Z,2026-01-05T12:15:40Z,4.066426,battery_voltage_V,ina226
,,0,2026-01-05T12:03:43.299262907Z,2026-01-05T13:03:43.299262907Z,2026-01-05T12:15:50Z,4.064678,battery_voltage_V,ina226
,,0,2026-01-05T12:03:43.299262907Z,2026-01-05T13:03:43.299262907Z,2026-01-05T12:16:00Z,4.07691,battery_voltage_V,ina226
,,0,2026-01-05T12:03:43.299262907Z,2026-01-05T13:03:43.299262907Z,2026-01-05T12:16:10Z,4.073416,battery_voltage_V,ina226
,,0,2026-01-05T12:03:43.299262907Z,2026-01-05T13:03:43.299262907Z,2026-01-05T12:16:30Z,4.075163,battery_voltage_V,ina226
,,0,2026-01-05T12:03:43.299262907Z,2026-01-05T13:03:43.299262907Z,2026-01-05T12:16:40Z,4.075163,battery_voltage_V,ina226
,,0,2026-01-05T12:03:43.299262907Z,2026-01-05T13:03:43.299262907Z,2026-01-05T12:16:50Z,4.071668,battery_voltage_V,ina226
,,0,2026-01-05T12:03:43.299262907Z,2026-01-05T13:03:43.299262907Z,2026-01-05T12:17:00Z,4.07691,battery_voltage_V,ina226
,,0,2026-01-05T12:03:43.299262907Z,2026-01-05T13:03:43.299262907Z,2026-01-05T12:17:10Z,4.071668,battery_voltage_V,ina226
,,0,2026-01-05T12:03:43.299262907Z,2026-01-05T13:03:43.299262907Z,2026-01-05T12:17:20Z,4.07691,battery_voltage_V,ina226
,,0,2026-01-05T12:03:43.299262907Z,2026-01-05T13:03:43.299262907Z,2026-01-05T12:17:30Z,4.075163,battery_voltage_V,ina226
,,0,2026-01-05T12:03:43.299262907Z,2026-01-05T13:03:43.299262907Z,2026-01-05T12:17:40Z,4.075163,battery_voltage_V,ina226
,,0,2026-01-05T12:03:43.299262907Z,2026-01-05T13:03:43.299262907Z,2026-01-05T12:17:50Z,4.073416,battery_voltage_V,ina226
,,0,2026-01-05T12:03:43.299262907Z,2026-01-05T13:03:43.299262907Z,2026-01-05T12:18:00Z,4.071668,battery_voltage_V,ina226
,,0,2026-01-05T12:03:43.299262907Z,2026-01-05T13:03:43.299262907Z,2026-01-05T12:18:10Z,4.071668,battery_voltage_V,ina226
,,0,2026-01-05T12:03:43.299262907Z,2026-01-05T13:03:43.299262907Z,2026-01-05T12:18:20Z,4.061183,battery_voltage_V,ina226
,,0,2026-01-05T12:03:43.299262907Z,2026-01-05T13:03:43.299262907Z,2026-01-05T12:18:30Z,4.073416,battery_voltage_V,ina226
,,0,2026-01-05T12:03:43.299262907Z,2026-01-05T13:03:43.299262907Z,2026-01-05T12:18:40Z,4.073416,battery_voltage_V,ina226
,,0,2026-01-05T12:03:43.299262907Z,2026-01-05T13:03:43.299262907Z,2026-01-05T12:18:50Z,4.071668,battery_voltage_V,ina226
,,0,2026-01-05T12:03:43.299262907Z,2026-01-05T13:03:43.299262907Z,2026-01-05T12:19:00Z,4.073416,battery_voltage_V,ina226
,,0,2026-01-05T12:03:43.299262907Z,2026-01-05T13:03:43.299262907Z,2026-01-05T12:19:10Z,4.071668,battery_voltage_V,ina226
,,0,2026-01-05T12:03:43.299262907Z,2026-01-05T13:03:43.299262907Z,2026-01-05T12:19:20Z,4.073416,battery_voltage_V,ina226
,,0,2026-01-05T12:03:43.299262907Z,2026-01-05T13:03:43.299262907Z,2026-01-05T12:19:30Z,4.073416,battery_voltage_V,ina226
,,0,2026-01-05T12:03:43.299262907Z,2026-01-05T13:03:43.299262907Z,2026-01-05T12:19:40Z,4.071668,battery_voltage_V,ina226
,,0,2026-01-05T12:03:43.299262907Z,2026-01-05T13:03:43.299262907Z,2026-01-05T12:19:50Z,4.071668,battery_voltage_V,ina226
,,0,2026-01-05T12:03:43.299262907Z,2026-01-05T13:03:43.299262907Z,2026-01-05T12:20:10Z,4.0681735,battery_voltage_V,ina226
,,0,2026-01-05T12:03:43.299262907Z,2026-01-05T13:03:43.299262907Z,2026-01-05T12:20:20Z,4.069921,battery_voltage_V,ina226
,,0,2026-01-05T12:03:43.299262907Z,2026-01-05T13:03:43.299262907Z,2026-01-05T12:20:30Z,4.069921,battery_voltage_V,ina226
,,0,2026-01-05T12:03:43.299262907Z,2026-01-05T13:03:43.299262907Z,2026-01-05T12:20:40Z,4.068173,battery_voltage_V,ina226
,,0,2026-01-05T12:03:43.299262907Z,2026-01-05T13:03:43.299262907Z,2026-01-05T12:20:50Z,4.071668,battery_voltage_V,ina226
,,0,2026-01-05T12:03:43.299262907Z,2026-01-05T13:03:43.299262907Z,2026-01-05T12:21:00Z,4.071668,battery_voltage_V,ina226
,,0,2026-01-05T12:03:43.299262907Z,2026-01-05T13:03:43.299262907Z,2026-01-05T12:21:10Z,4.071668,battery_voltage_V,ina226
,,0,2026-01-05T12:03:43.299262907Z,2026-01-05T13:03:43.299262907Z,2026-01-05T12:21:20Z,4.069921,battery_voltage_V,ina226
,,0,2026-01-05T12:03:43.299262907Z,2026-01-05T13:03:43.299262907Z,2026-01-05T12:21:30Z,4.064678,battery_voltage_V,ina226
,,0,2026-01-05T12:03:43.299262907Z,2026-01-05T13:03:43.299262907Z,2026-01-05T12:21:40Z,4.073416,battery_voltage_V,ina226
,,0,2026-01-05T12:03:43.299262907Z,2026-01-05T13:03:43.299262907Z,2026-01-05T12:21:50Z,4.069921,battery_voltage_V,ina226
,,0,2026-01-05T12:03:43.299262907Z,2026-01-05T13:03:43.299262907Z,2026-01-05T12:22:00Z,4.068173,battery_voltage_V,ina226
,,0,2026-01-05T12:03:43.299262907Z,2026-01-05T13:03:43.299262907Z,2026-01-05T12:22:10Z,4.069921,battery_voltage_V,ina226
,,0,2026-01-05T12:03:43.299262907Z,2026-01-05T13:03:43.299262907Z,2026-01-05T12:22:20Z,4.071668,battery_voltage_V,ina226
,,0,2026-01-05T12:03:43.299262907Z,2026-01-05T13:03:43.299262907Z,2026-01-05T12:22:30Z,4.069921,battery_voltage_V,ina226
,,0,2026-01-05T12:03:43.299262907Z,2026-01-05T13:03:43.299262907Z,2026-01-05T12:22:40Z,4.071668,battery_voltage_V,ina226
,,0,2026-01-05T12:03:43.299262907Z,2026-01-05T13:03:43.299262907Z,2026-01-05T12:22:50Z,4.062931,battery_voltage_V,ina226
,,0,2026-01-05T12:03:43.299262907Z,2026-01-05T13:03:43.299262907Z,2026-01-05T12:23:00Z,4.068173,battery_voltage_V,ina226
,,0,2026-01-05T12:03:43.299262907Z,2026-01-05T13:03:43.299262907Z,2026-01-05T12:23:10Z,4.066426,battery_voltage_V,ina226
,,0,2026-01-05T12:03:43.299262907Z,2026-01-05T13:03:43.299262907Z,2026-01-05T12:23:20Z,4.059436,battery_voltage_V,ina226
,,0,2026-01-05T12:03:43.299262907Z,2026-01-05T13:03:43.299262907Z,2026-01-05T12:23:30Z,4.068173,battery_voltage_V,ina226
,,0,2026-01-05T12:03:43.299262907Z,2026-01-05T13:03:43.299262907Z,2026-01-05T12:23:40Z,4.059436,battery_voltage_V,ina226
,,0,2026-01-05T12:03:43.299262907Z,2026-01-05T13:03:43.299262907Z,2026-01-05T12:23:50Z,4.064678,battery_voltage_V,ina226
,,0,2026-01-05T12:03:43.299262907Z,2026-01-05T13:03:43.299262907Z,2026-01-05T12:24:00Z,4.064678,battery_voltage_V,ina226
,,0,2026-01-05T12:03:43.299262907Z,2026-01-05T13:03:43.299262907Z,2026-01-05T12:24:10Z,4.069921,battery_voltage_V,ina226
,,0,2026-01-05T12:03:43.299262907Z,2026-01-05T13:03:43.299262907Z,2026-01-05T12:24:20Z,4.062931,battery_voltage_V,ina226
,,0,2026-01-05T12:03:43.299262907Z,2026-01-05T13:03:43.299262907Z,2026-01-05T12:24:30Z,4.062931,battery_voltage_V,ina226
,,0,2026-01-05T12:03:43.299262907Z,2026-01-05T13:03:43.299262907Z,2026-01-05T12:24:50Z,4.0672995,battery_voltage_V,ina226
,,0,2026-01-05T12:03:43.299262907Z,2026-01-05T13:03:43.299262907Z,2026-01-05T12:25:00Z,4.043708,battery_voltage_V,ina226
,,0,2026-01-05T12:03:43.299262907Z,2026-01-05T13:03:43.299262907Z,2026-01-05T12:25:10Z,4.062931,battery_voltage_V,ina226
,,0,2026-01-05T12:03:43.299262907Z,2026-01-05T13:03:43.299262907Z,2026-01-05T12:25:20Z,4.068173,battery_voltage_V,ina226
,,0,2026-01-05T12:03:43.299262907Z,2026-01-05T13:03:43.299262907Z,2026-01-05T12:25:30Z,4.052446,battery_voltage_V,ina226
,,0,2026-01-05T12:03:43.299262907Z,2026-01-05T13:03:43.299262907Z,2026-01-05T12:25:40Z,4.061183,battery_voltage_V,ina226
,,0,2026-01-05T12:03:43.299262907Z,2026-01-05T13:03:43.299262907Z,2026-01-05T12:25:50Z,4.064678,battery_voltage_V,ina226
,,0,2026-01-05T12:03:43.299262907Z,2026-01-05T13:03:43.299262907Z,2026-01-05T12:26:00Z,4.064678,battery_voltage_V,ina226
,,0,2026-01-05T12:03:43.299262907Z,2026-01-05T13:03:43.299262907Z,2026-01-05T12:26:10Z,4.066426,battery_voltage_V,ina226
,,0,2026-01-05T12:03:43.299262907Z,2026-01-05T13:03:43.299262907Z,2026-01-05T12:26:20Z,4.064678,battery_voltage_V,ina226
,,0,2026-01-05T12:03:43.299262907Z,2026-01-05T13:03:43.299262907Z,2026-01-05T12:26:30Z,4.061183,battery_voltage_V,ina226
,,0,2026-01-05T12:03:43.299262907Z,2026-01-05T13:03:43.299262907Z,2026-01-05T12:26:40Z,4.061183,battery_voltage_V,ina226
,,0,2026-01-05T12:03:43.299262907Z,2026-01-05T13:03:43.299262907Z,2026-01-05T12:26:50Z,4.064678,battery_voltage_V,ina226
,,0,2026-01-05T12:03:43.299262907Z,2026-01-05T13:03:43.299262907Z,2026-01-05T12:27:00Z,4.066426,battery_voltage_V,ina226
,,0,2026-01-05T12:03:43.299262907Z,2026-01-05T13:03:43.299262907Z,2026-01-05T12:27:10Z,4.062931,battery_voltage_V,ina226
,,0,2026-01-05T12:03:43.299262907Z,2026-01-05T13:03:43.299262907Z,2026-01-05T12:27:30Z,4.061183,battery_voltage_V,ina226
,,0,2026-01-05T12:03:43.299262907Z,2026-01-05T13:03:43.299262907Z,2026-01-05T12:27:50Z,4.064678,battery_voltage_V,ina226
,,0,2026-01-05T12:03:43.299262907Z,2026-01-05T13:03:43.299262907Z,2026-01-05T12:28:00Z,4.062931,battery_voltage_V,ina226
,,0,2026-01-05T12:03:43.299262907Z,2026-01-05T13:03:43.299262907Z,2026-01-05T12:28:10Z,4.064678,battery_voltage_V,ina226
,,0,2026-01-05T12:03:43.299262907Z,2026-01-05T13:03:43.299262907Z,2026-01-05T12:28:20Z,4.064678,battery_voltage_V,ina226
,,0,2026-01-05T12:03:43.299262907Z,2026-01-05T13:03:43.299262907Z,2026-01-05T12:28:30Z,4.055941,battery_voltage_V,ina226
,,0,2026-01-05T12:03:43.299262907Z,2026-01-05T13:03:43.299262907Z,2026-01-05T12:28:40Z,4.061183,battery_voltage_V,ina226
,,0,2026-01-05T12:03:43.299262907Z,2026-01-05T13:03:43.299262907Z,2026-01-05T12:28:50Z,4.061183,battery_voltage_V,ina226
,,0,2026-01-05T12:03:43.299262907Z,2026-01-05T13:03:43.299262907Z,2026-01-05T12:29:00Z,4.064678,battery_voltage_V,ina226
,,0,2026-01-05T12:03:43.299262907Z,2026-01-05T13:03:43.299262907Z,2026-01-05T12:29:10Z,4.062931,battery_voltage_V,ina226
,,0,2026-01-05T12:03:43.299262907Z,2026-01-05T13:03:43.299262907Z,2026-01-05T12:29:20Z,4.062931,battery_voltage_V,ina226
,,0,2026-01-05T12:03:43.299262907Z,2026-01-05T13:03:43.299262907Z,2026-01-05T12:29:30Z,4.052446,battery_voltage_V,ina226
,,0,2026-01-05T12:03:43.299262907Z,2026-01-05T13:03:43.299262907Z,2026-01-05T12:29:40Z,4.064678,battery_voltage_V,ina226
,,0,2026-01-05T12:03:43.299262907Z,2026-01-05T13:03:43.299262907Z,2026-01-05T12:29:50Z,4.055941,battery_voltage_V,ina226
,,0,2026-01-05T12:03:43.299262907Z,2026-01-05T13:03:43.299262907Z,2026-01-05T12:30:00Z,4.061183,battery_voltage_V,ina226
,,0,2026-01-05T12:03:43.299262907Z,2026-01-05T13:03:43.299262907Z,2026-01-05T12:30:10Z,4.061183,battery_voltage_V,ina226
,,0,2026-01-05T12:03:43.299262907Z,2026-01-05T13:03:43.299262907Z,2026-01-05T12:30:20Z,4.062931,battery_voltage_V,ina226
,,0,2026-01-05T12:03:43.299262907Z,2026-01-05T13:03:43.299262907Z,2026-01-05T12:30:30Z,4.062931,battery_voltage_V,ina226
,,0,2026-01-05T12:03:43.299262907Z,2026-01-05T13:03:43.299262907Z,2026-01-05T12:30:40Z,4.062931,battery_voltage_V,ina226
,,0,2026-01-05T12:03:43.299262907Z,2026-01-05T13:03:43.299262907Z,2026-01-05T12:30:50Z,4.061183,battery_voltage_V,ina226
,,0,2026-01-05T12:03:43.299262907Z,2026-01-05T13:03:43.299262907Z,2026-01-05T12:31:00Z,4.059436,battery_voltage_V,ina226
,,0,2026-01-05T12:03:43.299262907Z,2026-01-05T13:03:43.299262907Z,2026-01-05T12:31:10Z,4.059436,battery_voltage_V,ina226
,,0,2026-01-05T12:03:43.299262907Z,2026-01-05T13:03:43.299262907Z,2026-01-05T12:31:20Z,4.057688,battery_voltage_V,ina226
,,0,2026-01-05T12:03:43.299262907Z,2026-01-05T13:03:43.299262907Z,2026-01-05T12:31:30Z,4.062931,battery_voltage_V,ina226
,,0,2026-01-05T12:03:43.299262907Z,2026-01-05T13:03:43.299262907Z,2026-01-05T12:31:40Z,4.061183,battery_voltage_V,ina226
,,0,2026-01-05T12:03:43.299262907Z,2026-01-05T13:03:43.299262907Z,2026-01-05T12:31:50Z,4.061183,battery_voltage_V,ina226
,,0,2026-01-05T12:03:43.299262907Z,2026-01-05T13:03:43.299262907Z,2026-01-05T12:32:00Z,4.061183,battery_voltage_V,ina226
,,0,2026-01-05T12:03:43.299262907Z,2026-01-05T13:03:43.299262907Z,2026-01-05T12:32:10Z,4.057688,battery_voltage_V,ina226
,,0,2026-01-05T12:03:43.299262907Z,2026-01-05T13:03:43.299262907Z,2026-01-05T12:32:20Z,4.059436,battery_voltage_V,ina226
,,0,2026-01-05T12:03:43.299262907Z,2026-01-05T13:03:43.299262907Z,2026-01-05T12:32:30Z,4.057688,battery_voltage_V,ina226
,,0,2026-01-05T12:03:43.299262907Z,2026-01-05T13:03:43.299262907Z,2026-01-05T12:32:40Z,4.061183,battery_voltage_V,ina226
,,0,2026-01-05T12:03:43.299262907Z,2026-01-05T13:03:43.299262907Z,2026-01-05T12:32:50Z,4.059436,battery_voltage_V,ina226
,,0,2026-01-05T12:03:43.299262907Z,2026-01-05T13:03:43.299262907Z,2026-01-05T12:33:00Z,4.061183,battery_voltage_V,ina226
,,0,2026-01-05T12:03:43.299262907Z,2026-01-05T13:03:43.299262907Z,2026-01-05T12:33:10Z,4.055941,battery_voltage_V,ina226
,,0,2026-01-05T12:03:43.299262907Z,2026-01-05T13:03:43.299262907Z,2026-01-05T12:33:20Z,4.054193,battery_voltage_V,ina226
,,0,2026-01-05T12:03:43.299262907Z,2026-01-05T13:03:43.299262907Z,2026-01-05T12:33:30Z,4.034971,battery_voltage_V,ina226
,,0,2026-01-05T12:03:43.299262907Z,2026-01-05T13:03:43.299262907Z,2026-01-05T12:33:40Z,4.059436,battery_voltage_V,ina226
,,0,2026-01-05T12:03:43.299262907Z,2026-01-05T13:03:43.299262907Z,2026-01-05T12:33:50Z,4.061183,battery_voltage_V,ina226
,,0,2026-01-05T12:03:43.299262907Z,2026-01-05T13:03:43.299262907Z,2026-01-05T12:34:00Z,4.059436,battery_voltage_V,ina226
,,0,2026-01-05T12:03:43.299262907Z,2026-01-05T13:03:43.299262907Z,2026-01-05T12:34:10Z,4.059436,battery_voltage_V,ina226
,,0,2026-01-05T12:03:43.299262907Z,2026-01-05T13:03:43.299262907Z,2026-01-05T12:34:20Z,4.041961,battery_voltage_V,ina226
,,0,2026-01-05T12:03:43.299262907Z,2026-01-05T13:03:43.299262907Z,2026-01-05T12:34:30Z,4.059436,battery_voltage_V,ina226
,,0,2026-01-05T12:03:43.299262907Z,2026-01-05T13:03:43.299262907Z,2026-01-05T12:34:40Z,4.059436,battery_voltage_V,ina226
,,0,2026-01-05T12:03:43.299262907Z,2026-01-05T13:03:43.299262907Z,2026-01-05T12:34:50Z,4.059436,battery_voltage_V,ina226
,,0,2026-01-05T12:03:43.299262907Z,2026-01-05T13:03:43.299262907Z,2026-01-05T12:35:00Z,4.059436,battery_voltage_V,ina226
,,0,2026-01-05T12:03:43.299262907Z,2026-01-05T13:03:43.299262907Z,2026-01-05T12:35:10Z,4.059436,battery_voltage_V,ina226
,,0,2026-01-05T12:03:43.299262907Z,2026-01-05T13:03:43.299262907Z,2026-01-05T12:35:20Z,4.057688,battery_voltage_V,ina226
,,0,2026-01-05T12:03:43.299262907Z,2026-01-05T13:03:43.299262907Z,2026-01-05T12:35:30Z,4.055941,battery_voltage_V,ina226
,,0,2026-01-05T12:03:43.299262907Z,2026-01-05T13:03:43.299262907Z,2026-01-05T12:35:40Z,4.055941,battery_voltage_V,ina226
,,0,2026-01-05T12:03:43.299262907Z,2026-01-05T13:03:43.299262907Z,2026-01-05T12:35:50Z,4.057688,battery_voltage_V,ina226
,,0,2026-01-05T12:03:43.299262907Z,2026-01-05T13:03:43.299262907Z,2026-01-05T12:36:00Z,4.057688,battery_voltage_V,ina226
,,0,2026-01-05T12:03:43.299262907Z,2026-01-05T13:03:43.299262907Z,2026-01-05T12:36:10Z,4.057688,battery_voltage_V,ina226
,,0,2026-01-05T12:03:43.299262907Z,2026-01-05T13:03:43.299262907Z,2026-01-05T12:36:20Z,4.055941,battery_voltage_V,ina226
,,0,2026-01-05T12:03:43.299262907Z,2026-01-05T13:03:43.299262907Z,2026-01-05T12:36:30Z,4.059436,battery_voltage_V,ina226
,,0,2026-01-05T12:03:43.299262907Z,2026-01-05T13:03:43.299262907Z,2026-01-05T12:36:40Z,4.040213,battery_voltage_V,ina226
,,0,2026-01-05T12:03:43.299262907Z,2026-01-05T13:03:43.299262907Z,2026-01-05T12:36:50Z,4.057688,battery_voltage_V,ina226
,,0,2026-01-05T12:03:43.299262907Z,2026-01-05T13:03:43.299262907Z,2026-01-05T12:37:00Z,4.055941,battery_voltage_V,ina226
,,0,2026-01-05T12:03:43.299262907Z,2026-01-05T13:03:43.299262907Z,2026-01-05T12:37:10Z,4.057688,battery_voltage_V,ina226
,,0,2026-01-05T12:03:43.299262907Z,2026-01-05T13:03:43.299262907Z,2026-01-05T12:37:20Z,4.057688,battery_voltage_V,ina226
,,0,2026-01-05T12:03:43.299262907Z,2026-01-05T13:03:43.299262907Z,2026-01-05T12:37:30Z,4.047203,battery_voltage_V,ina226
,,0,2026-01-05T12:03:43.299262907Z,2026-01-05T13:03:43.299262907Z,2026-01-05T12:37:40Z,4.055941,battery_voltage_V,ina226
,,0,2026-01-05T12:03:43.299262907Z,2026-01-05T13:03:43.299262907Z,2026-01-05T12:37:50Z,4.055941,battery_voltage_V,ina226
,,0,2026-01-05T12:03:43.299262907Z,2026-01-05T13:03:43.299262907Z,2026-01-05T12:38:00Z,4.054193,battery_voltage_V,ina226
,,0,2026-01-05T12:03:43.299262907Z,2026-01-05T13:03:43.299262907Z,2026-01-05T12:38:10Z,4.052446,battery_voltage_V,ina226
,,0,2026-01-05T12:03:43.299262907Z,2026-01-05T13:03:43.299262907Z,2026-01-05T12:38:20Z,4.055941,battery_voltage_V,ina226
,,0,2026-01-05T12:03:43.299262907Z,2026-01-05T13:03:43.299262907Z,2026-01-05T12:38:30Z,4.055941,battery_voltage_V,ina226
,,0,2026-01-05T12:03:43.299262907Z,2026-01-05T13:03:43.299262907Z,2026-01-05T12:38:40Z,4.050698,battery_voltage_V,ina226
,,0,2026-01-05T12:03:43.299262907Z,2026-01-05T13:03:43.299262907Z,2026-01-05T12:38:50Z,4.057688,battery_voltage_V,ina226
,,0,2026-01-05T12:03:43.299262907Z,2026-01-05T13:03:43.299262907Z,2026-01-05T12:39:00Z,4.057688,battery_voltage_V,ina226
,,0,2026-01-05T12:03:43.299262907Z,2026-01-05T13:03:43.299262907Z,2026-01-05T12:39:10Z,4.052446,battery_voltage_V,ina226
,,0,2026-01-05T12:03:43.299262907Z,2026-01-05T13:03:43.299262907Z,2026-01-05T12:39:40Z,4.054193,battery_voltage_V,ina226
,,0,2026-01-05T12:03:43.299262907Z,2026-01-05T13:03:43.299262907Z,2026-01-05T12:39:50Z,4.054193,battery_voltage_V,ina226
,,0,2026-01-05T12:03:43.299262907Z,2026-01-05T13:03:43.299262907Z,2026-01-05T12:40:00Z,4.054193,battery_voltage_V,ina226
,,0,2026-01-05T12:03:43.299262907Z,2026-01-05T13:03:43.299262907Z,2026-01-05T12:40:10Z,4.048951,battery_voltage_V,ina226
,,0,2026-01-05T12:03:43.299262907Z,2026-01-05T13:03:43.299262907Z,2026-01-05T12:40:20Z,4.031476,battery_voltage_V,ina226
,,0,2026-01-05T12:03:43.299262907Z,2026-01-05T13:03:43.299262907Z,2026-01-05T12:40:30Z,4.052446,battery_voltage_V,ina226
,,0,2026-01-05T12:03:43.299262907Z,2026-01-05T13:03:43.299262907Z,2026-01-05T12:40:40Z,4.050698,battery_voltage_V,ina226
,,0,2026-01-05T12:03:43.299262907Z,2026-01-05T13:03:43.299262907Z,2026-01-05T12:40:50Z,4.054193,battery_voltage_V,ina226
,,0,2026-01-05T12:03:43.299262907Z,2026-01-05T13:03:43.299262907Z,2026-01-05T12:41:10Z,4.048951,battery_voltage_V,ina226
,,0,2026-01-05T12:03:43.299262907Z,2026-01-05T13:03:43.299262907Z,2026-01-05T12:41:20Z,4.054193,battery_voltage_V,ina226
,,0,2026-01-05T12:03:43.299262907Z,2026-01-05T13:03:43.299262907Z,2026-01-05T12:41:30Z,4.054193,battery_voltage_V,ina226
,,0,2026-01-05T12:03:43.299262907Z,2026-01-05T13:03:43.299262907Z,2026-01-05T12:41:40Z,4.052446,battery_voltage_V,ina226
,,0,2026-01-05T12:03:43.299262907Z,2026-01-05T13:03:43.299262907Z,2026-01-05T12:41:50Z,4.033223,battery_voltage_V,ina226
,,0,2026-01-05T12:03:43.299262907Z,2026-01-05T13:03:43.299262907Z,2026-01-05T12:42:00Z,4.054193,battery_voltage_V,ina226
,,0,2026-01-05T12:03:43.299262907Z,2026-01-05T13:03:43.299262907Z,2026-01-05T12:42:10Z,4.052446,battery_voltage_V,ina226
,,0,2026-01-05T12:03:43.299262907Z,2026-01-05T13:03:43.299262907Z,2026-01-05T12:42:20Z,4.054193,battery_voltage_V,ina226
,,0,2026-01-05T12:03:43.299262907Z,2026-01-05T13:03:43.299262907Z,2026-01-05T12:42:30Z,4.050698,battery_voltage_V,ina226
,,0,2026-01-05T12:03:43.299262907Z,2026-01-05T13:03:43.299262907Z,2026-01-05T12:42:40Z,4.054193,battery_voltage_V,ina226
,,0,2026-01-05T12:03:43.299262907Z,2026-01-05T13:03:43.299262907Z,2026-01-05T12:42:50Z,4.054193,battery_voltage_V,ina226
,,0,2026-01-05T12:03:43.299262907Z,2026-01-05T13:03:43.299262907Z,2026-01-05T12:43:00Z,4.054193,battery_voltage_V,ina226
,,0,2026-01-05T12:03:43.299262907Z,2026-01-05T13:03:43.299262907Z,2026-01-05T12:43:10Z,4.054193,battery_voltage_V,ina226
,,0,2026-01-05T12:03:43.299262907Z,2026-01-05T13:03:43.299262907Z,2026-01-05T12:43:20Z,4.050698,battery_voltage_V,ina226
,,0,2026-01-05T12:03:43.299262907Z,2026-01-05T13:03:43.299262907Z,2026-01-05T12:43:30Z,4.050698,battery_voltage_V,ina226
,,0,2026-01-05T12:03:43.299262907Z,2026-01-05T13:03:43.299262907Z,2026-01-05T12:43:40Z,4.050698,battery_voltage_V,ina226
,,0,2026-01-05T12:03:43.299262907Z,2026-01-05T13:03:43.299262907Z,2026-01-05T12:43:50Z,4.054193,battery_voltage_V,ina226
,,0,2026-01-05T12:03:43.299262907Z,2026-01-05T13:03:43.299262907Z,2026-01-05T12:44:00Z,4.054193,battery_voltage_V,ina226
,,0,2026-01-05T12:03:43.299262907Z,2026-01-05T13:03:43.299262907Z,2026-01-05T12:44:10Z,4.054193,battery_voltage_V,ina226
,,0,2026-01-05T12:03:43.299262907Z,2026-01-05T13:03:43.299262907Z,2026-01-05T12:44:20Z,4.050698,battery_voltage_V,ina226
,,0,2026-01-05T12:03:43.299262907Z,2026-01-05T13:03:43.299262907Z,2026-01-05T12:44:30Z,4.054193,battery_voltage_V,ina226
,,0,2026-01-05T12:03:43.299262907Z,2026-01-05T13:03:43.299262907Z,2026-01-05T12:44:40Z,4.033223,battery_voltage_V,ina226
,,0,2026-01-05T12:03:43.299262907Z,2026-01-05T13:03:43.299262907Z,2026-01-05T12:44:50Z,4.054193,battery_voltage_V,ina226
,,0,2026-01-05T12:03:43.299262907Z,2026-01-05T13:03:43.299262907Z,2026-01-05T12:45:00Z,4.027981,battery_voltage_V,ina226
,,0,2026-01-05T12:03:43.299262907Z,2026-01-05T13:03:43.299262907Z,2026-01-05T12:45:10Z,4.054193,battery_voltage_V,ina226
,,0,2026-01-05T12:03:43.299262907Z,2026-01-05T13:03:43.299262907Z,2026-01-05T12:45:20Z,4.050698,battery_voltage_V,ina226
,,0,2026-01-05T12:03:43.299262907Z,2026-01-05T13:03:43.299262907Z,2026-01-05T12:45:30Z,4.052446,battery_voltage_V,ina226
,,0,2026-01-05T12:03:43.299262907Z,2026-01-05T13:03:43.299262907Z,2026-01-05T12:45:40Z,4.050698,battery_voltage_V,ina226
,,0,2026-01-05T12:03:43.299262907Z,2026-01-05T13:03:43.299262907Z,2026-01-05T12:45:50Z,4.050698,battery_voltage_V,ina226
,,0,2026-01-05T12:03:43.299262907Z,2026-01-05T13:03:43.299262907Z,2026-01-05T12:46:00Z,4.050698,battery_voltage_V,ina226
,,0,2026-01-05T12:03:43.299262907Z,2026-01-05T13:03:43.299262907Z,2026-01-05T12:46:10Z,4.036718,battery_voltage_V,ina226
,,0,2026-01-05T12:03:43.299262907Z,2026-01-05T13:03:43.299262907Z,2026-01-05T12:46:20Z,4.054193,battery_voltage_V,ina226
,,0,2026-01-05T12:03:43.299262907Z,2026-01-05T13:03:43.299262907Z,2026-01-05T12:46:30Z,4.040213,battery_voltage_V,ina226
,,0,2026-01-05T12:03:43.299262907Z,2026-01-05T13:03:43.299262907Z,2026-01-05T12:46:40Z,4.054193,battery_voltage_V,ina226
,,0,2026-01-05T12:03:43.299262907Z,2026-01-05T13:03:43.299262907Z,2026-01-05T12:46:50Z,4.052446,battery_voltage_V,ina226
,,0,2026-01-05T12:03:43.299262907Z,2026-01-05T13:03:43.299262907Z,2026-01-05T12:47:00Z,4.054193,battery_voltage_V,ina226
,,0,2026-01-05T12:03:43.299262907Z,2026-01-05T13:03:43.299262907Z,2026-01-05T12:47:10Z,4.026233,battery_voltage_V,ina226
,,0,2026-01-05T12:03:43.299262907Z,2026-01-05T13:03:43.299262907Z,2026-01-05T12:47:20Z,4.052446,battery_voltage_V,ina226
,,0,2026-01-05T12:03:43.299262907Z,2026-01-05T13:03:43.299262907Z,2026-01-05T12:47:30Z,4.050698,battery_voltage_V,ina226
,,0,2026-01-05T12:03:43.299262907Z,2026-01-05T13:03:43.299262907Z,2026-01-05T12:47:40Z,4.038465,battery_voltage_V,ina226
,,0,2026-01-05T12:03:43.299262907Z,2026-01-05T13:03:43.299262907Z,2026-01-05T12:47:50Z,4.050698,battery_voltage_V,ina226
,,0,2026-01-05T12:03:43.299262907Z,2026-01-05T13:03:43.299262907Z,2026-01-05T12:48:00Z,4.052446,battery_voltage_V,ina226
,,0,2026-01-05T12:03:43.299262907Z,2026-01-05T13:03:43.299262907Z,2026-01-05T12:48:10Z,4.052446,battery_voltage_V,ina226
,,0,2026-01-05T12:03:43.299262907Z,2026-01-05T13:03:43.299262907Z,2026-01-05T12:48:20Z,4.034971,battery_voltage_V,ina226
,,0,2026-01-05T12:03:43.299262907Z,2026-01-05T13:03:43.299262907Z,2026-01-05T12:48:30Z,4.054193,battery_voltage_V,ina226
,,0,2026-01-05T12:03:43.299262907Z,2026-01-05T13:03:43.299262907Z,2026-01-05T12:48:40Z,4.026233,battery_voltage_V,ina226
,,0,2026-01-05T12:03:43.299262907Z,2026-01-05T13:03:43.299262907Z,2026-01-05T12:48:50Z,4.054193,battery_voltage_V,ina226
,,0,2026-01-05T12:03:43.299262907Z,2026-01-05T13:03:43.299262907Z,2026-01-05T12:49:00Z,4.034971,battery_voltage_V,ina226
,,0,2026-01-05T12:03:43.299262907Z,2026-01-05T13:03:43.299262907Z,2026-01-05T12:49:10Z,4.050698,battery_voltage_V,ina226
,,0,2026-01-05T12:03:43.299262907Z,2026-01-05T13:03:43.299262907Z,2026-01-05T12:49:20Z,4.054193,battery_voltage_V,ina226
,,0,2026-01-05T12:03:43.299262907Z,2026-01-05T13:03:43.299262907Z,2026-01-05T12:49:30Z,4.050698,battery_voltage_V,ina226
,,0,2026-01-05T12:03:43.299262907Z,2026-01-05T13:03:43.299262907Z,2026-01-05T12:49:40Z,4.050698,battery_voltage_V,ina226
,,0,2026-01-05T12:03:43.299262907Z,2026-01-05T13:03:43.299262907Z,2026-01-05T12:49:50Z,4.052446,battery_voltage_V,ina226
,,0,2026-01-05T12:03:43.299262907Z,2026-01-05T13:03:43.299262907Z,2026-01-05T12:50:00Z,4.050698,battery_voltage_V,ina226
,,0,2026-01-05T12:03:43.299262907Z,2026-01-05T13:03:43.299262907Z,2026-01-05T12:50:10Z,4.024486,battery_voltage_V,ina226
,,0,2026-01-05T12:03:43.299262907Z,2026-01-05T13:03:43.299262907Z,2026-01-05T12:50:20Z,4.022738,battery_voltage_V,ina226
,,0,2026-01-05T12:03:43.299262907Z,2026-01-05T13:03:43.299262907Z,2026-01-05T12:50:30Z,4.052446,battery_voltage_V,ina226
,,0,2026-01-05T12:03:43.299262907Z,2026-01-05T13:03:43.299262907Z,2026-01-05T12:50:40Z,4.052446,battery_voltage_V,ina226
,,0,2026-01-05T12:03:43.299262907Z,2026-01-05T13:03:43.299262907Z,2026-01-05T12:50:50Z,4.048951,battery_voltage_V,ina226
,,0,2026-01-05T12:03:43.299262907Z,2026-01-05T13:03:43.299262907Z,2026-01-05T12:51:00Z,4.054193,battery_voltage_V,ina226
,,0,2026-01-05T12:03:43.299262907Z,2026-01-05T13:03:43.299262907Z,2026-01-05T12:51:10Z,4.052446,battery_voltage_V,ina226
,,0,2026-01-05T12:03:43.299262907Z,2026-01-05T13:03:43.299262907Z,2026-01-05T12:51:20Z,4.054193,battery_voltage_V,ina226
,,0,2026-01-05T12:03:43.299262907Z,2026-01-05T13:03:43.299262907Z,2026-01-05T12:51:30Z,4.052446,battery_voltage_V,ina226
,,0,2026-01-05T12:03:43.299262907Z,2026-01-05T13:03:43.299262907Z,2026-01-05T12:51:40Z,4.052446,battery_voltage_V,ina226
,,0,2026-01-05T12:03:43.299262907Z,2026-01-05T13:03:43.299262907Z,2026-01-05T12:51:50Z,4.031476,battery_voltage_V,ina226
,,0,2026-01-05T12:03:43.299262907Z,2026-01-05T13:03:43.299262907Z,2026-01-05T12:52:00Z,4.052446,battery_voltage_V,ina226
,,0,2026-01-05T12:03:43.299262907Z,2026-01-05T13:03:43.299262907Z,2026-01-05T12:52:10Z,4.043708,battery_voltage_V,ina226
,,0,2026-01-05T12:03:43.299262907Z,2026-01-05T13:03:43.299262907Z,2026-01-05T12:52:20Z,4.034971,battery_voltage_V,ina226
,,0,2026-01-05T12:03:43.299262907Z,2026-01-05T13:03:43.299262907Z,2026-01-05T12:52:30Z,4.050698,battery_voltage_V,ina226
,,0,2026-01-05T12:03:43.299262907Z,2026-01-05T13:03:43.299262907Z,2026-01-05T12:52:40Z,4.052446,battery_voltage_V,ina226
,,0,2026-01-05T12:03:43.299262907Z,2026-01-05T13:03:43.299262907Z,2026-01-05T12:52:50Z,4.052446,battery_voltage_V,ina226
,,0,2026-01-05T12:03:43.299262907Z,2026-01-05T13:03:43.299262907Z,2026-01-05T12:53:00Z,4.052446,battery_voltage_V,ina226
,,0,2026-01-05T12:03:43.299262907Z,2026-01-05T13:03:43.299262907Z,2026-01-05T12:53:10Z,4.050698,battery_voltage_V,ina226
,,0,2026-01-05T12:03:43.299262907Z,2026-01-05T13:03:43.299262907Z,2026-01-05T12:53:20Z,4.052446,battery_voltage_V,ina226
,,0,2026-01-05T12:03:43.299262907Z,2026-01-05T13:03:43.299262907Z,2026-01-05T12:53:30Z,4.050698,battery_voltage_V,ina226
,,0,2026-01-05T12:03:43.299262907Z,2026-01-05T13:03:43.299262907Z,2026-01-05T12:53:40Z,4.048951,battery_voltage_V,ina226
,,0,2026-01-05T12:03:43.299262907Z,2026-01-05T13:03:43.299262907Z,2026-01-05T12:53:50Z,4.054193,battery_voltage_V,ina226
,,0,2026-01-05T12:03:43.299262907Z,2026-01-05T13:03:43.299262907Z,2026-01-05T12:54:00Z,4.052446,battery_voltage_V,ina226
,,0,2026-01-05T12:03:43.299262907Z,2026-01-05T13:03:43.299262907Z,2026-01-05T12:54:10Z,4.029728,battery_voltage_V,ina226
,,0,2026-01-05T12:03:43.299262907Z,2026-01-05T13:03:43.299262907Z,2026-01-05T12:54:20Z,4.050698,battery_voltage_V,ina226
,,0,2026-01-05T12:03:43.299262907Z,2026-01-05T13:03:43.299262907Z,2026-01-05T12:54:30Z,4.052446,battery_voltage_V,ina226
,,0,2026-01-05T12:03:43.299262907Z,2026-01-05T13:03:43.299262907Z,2026-01-05T12:54:40Z,4.034971,battery_voltage_V,ina226
,,0,2026-01-05T12:03:43.299262907Z,2026-01-05T13:03:43.299262907Z,2026-01-05T12:54:50Z,4.052446,battery_voltage_V,ina226
,,0,2026-01-05T12:03:43.299262907Z,2026-01-05T13:03:43.299262907Z,2026-01-05T12:55:00Z,4.052446,battery_voltage_V,ina226
,,0,2026-01-05T12:03:43.299262907Z,2026-01-05T13:03:43.299262907Z,2026-01-05T12:55:10Z,4.050698,battery_voltage_V,ina226
,,0,2026-01-05T12:03:43.299262907Z,2026-01-05T13:03:43.299262907Z,2026-01-05T12:55:20Z,4.052446,battery_voltage_V,ina226
,,0,2026-01-05T12:03:43.299262907Z,2026-01-05T13:03:43.299262907Z,2026-01-05T12:55:30Z,4.048951,battery_voltage_V,ina226
,,0,2026-01-05T12:03:43.299262907Z,2026-01-05T13:03:43.299262907Z,2026-01-05T12:55:40Z,4.052446,battery_voltage_V,ina226
,,0,2026-01-05T12:03:43.299262907Z,2026-01-05T13:03:43.299262907Z,2026-01-05T12:55:50Z,4.024486,battery_voltage_V,ina226
,,0,2026-01-05T12:03:43.299262907Z,2026-01-05T13:03:43.299262907Z,2026-01-05T12:56:00Z,4.052446,battery_voltage_V,ina226
,,0,2026-01-05T12:03:43.299262907Z,2026-01-05T13:03:43.299262907Z,2026-01-05T12:56:10Z,4.052446,battery_voltage_V,ina226
,,0,2026-01-05T12:03:43.299262907Z,2026-01-05T13:03:43.299262907Z,2026-01-05T12:56:20Z,4.048951,battery_voltage_V,ina226
,,0,2026-01-05T12:03:43.299262907Z,2026-01-05T13:03:43.299262907Z,2026-01-05T12:56:30Z,4.048076999999999,battery_voltage_V,ina226
,,0,2026-01-05T12:03:43.299262907Z,2026-01-05T13:03:43.299262907Z,2026-01-05T12:56:40Z,4.052446,battery_voltage_V,ina226
,,0,2026-01-05T12:03:43.299262907Z,2026-01-05T13:03:43.299262907Z,2026-01-05T12:57:00Z,4.0428345,battery_voltage_V,ina226
,,0,2026-01-05T12:03:43.299262907Z,2026-01-05T13:03:43.299262907Z,2026-01-05T12:57:20Z,4.043708,battery_voltage_V,ina226
,,0,2026-01-05T12:03:43.299262907Z,2026-01-05T13:03:43.299262907Z,2026-01-05T12:57:30Z,4.050698,battery_voltage_V,ina226
,,0,2026-01-05T12:03:43.299262907Z,2026-01-05T13:03:43.299262907Z,2026-01-05T12:57:40Z,4.022738,battery_voltage_V,ina226
,,0,2026-01-05T12:03:43.299262907Z,2026-01-05T13:03:43.299262907Z,2026-01-05T12:57:50Z,4.050698,battery_voltage_V,ina226
,,0,2026-01-05T12:03:43.299262907Z,2026-01-05T13:03:43.299262907Z,2026-01-05T12:58:00Z,4.048951,battery_voltage_V,ina226
,,0,2026-01-05T12:03:43.299262907Z,2026-01-05T13:03:43.299262907Z,2026-01-05T12:58:10Z,4.052446,battery_voltage_V,ina226
,,0,2026-01-05T12:03:43.299262907Z,2026-01-05T13:03:43.299262907Z,2026-01-05T12:58:20Z,4.050698,battery_voltage_V,ina226
,,0,2026-01-05T12:03:43.299262907Z,2026-01-05T13:03:43.299262907Z,2026-01-05T12:58:30Z,4.048951,battery_voltage_V,ina226
,,0,2026-01-05T12:03:43.299262907Z,2026-01-05T13:03:43.299262907Z,2026-01-05T12:58:40Z,4.050698,battery_voltage_V,ina226
,,0,2026-01-05T12:03:43.299262907Z,2026-01-05T13:03:43.299262907Z,2026-01-05T12:58:50Z,4.048951,battery_voltage_V,ina226
,,0,2026-01-05T12:03:43.299262907Z,2026-01-05T13:03:43.299262907Z,2026-01-05T12:59:00Z,4.050698,battery_voltage_V,ina226
,,0,2026-01-05T12:03:43.299262907Z,2026-01-05T13:03:43.299262907Z,2026-01-05T12:59:10Z,4.047203,battery_voltage_V,ina226
,,0,2026-01-05T12:03:43.299262907Z,2026-01-05T13:03:43.299262907Z,2026-01-05T12:59:20Z,4.052446,battery_voltage_V,ina226
,,0,2026-01-05T12:03:43.299262907Z,2026-01-05T13:03:43.299262907Z,2026-01-05T12:59:30Z,4.043708,battery_voltage_V,ina226
,,0,2026-01-05T12:03:43.299262907Z,2026-01-05T13:03:43.299262907Z,2026-01-05T12:59:40Z,4.050698,battery_voltage_V,ina226
,,0,2026-01-05T12:03:43.299262907Z,2026-01-05T13:03:43.299262907Z,2026-01-05T12:59:50Z,4.047203,battery_voltage_V,ina226
,,0,2026-01-05T12:03:43.299262907Z,2026-01-05T13:03:43.299262907Z,2026-01-05T13:00:00Z,4.038465,battery_voltage_V,ina226
,,0,2026-01-05T12:03:43.299262907Z,2026-01-05T13:03:43.299262907Z,2026-01-05T13:00:10Z,4.052446,battery_voltage_V,ina226
,,0,2026-01-05T12:03:43.299262907Z,2026-01-05T13:03:43.299262907Z,2026-01-05T13:00:20Z,4.027981,battery_voltage_V,ina226
,,0,2026-01-05T12:03:43.299262907Z,2026-01-05T13:03:43.299262907Z,2026-01-05T13:00:30Z,4.052446,battery_voltage_V,ina226
,,0,2026-01-05T12:03:43.299262907Z,2026-01-05T13:03:43.299262907Z,2026-01-05T13:00:40Z,4.047203,battery_voltage_V,ina226
,,0,2026-01-05T12:03:43.299262907Z,2026-01-05T13:03:43.299262907Z,2026-01-05T13:00:50Z,4.041961,battery_voltage_V,ina226
,,0,2026-01-05T12:03:43.299262907Z,2026-01-05T13:03:43.299262907Z,2026-01-05T13:01:00Z,4.052446,battery_voltage_V,ina226
,,0,2026-01-05T12:03:43.299262907Z,2026-01-05T13:03:43.299262907Z,2026-01-05T13:01:10Z,4.038465,battery_voltage_V,ina226
,,0,2026-01-05T12:03:43.299262907Z,2026-01-05T13:03:43.299262907Z,2026-01-05T13:01:20Z,4.050698,battery_voltage_V,ina226
,,0,2026-01-05T12:03:43.299262907Z,2026-01-05T13:03:43.299262907Z,2026-01-05T13:01:30Z,4.043708,battery_voltage_V,ina226
,,0,2026-01-05T12:03:43.299262907Z,2026-01-05T13:03:43.299262907Z,2026-01-05T13:01:40Z,4.047203,battery_voltage_V,ina226
,,0,2026-01-05T12:03:43.299262907Z,2026-01-05T13:03:43.299262907Z,2026-01-05T13:01:50Z,4.024486,battery_voltage_V,ina226
,,0,2026-01-05T12:03:43.299262907Z,2026-01-05T13:03:43.299262907Z,2026-01-05T13:02:00Z,4.050698,battery_voltage_V,ina226
,,0,2026-01-05T12:03:43.299262907Z,2026-01-05T13:03:43.299262907Z,2026-01-05T13:02:10Z,4.048951,battery_voltage_V,ina226
,,0,2026-01-05T12:03:43.299262907Z,2026-01-05T13:03:43.299262907Z,2026-01-05T13:02:20Z,4.045456,battery_voltage_V,ina226
,,0,2026-01-05T12:03:43.299262907Z,2026-01-05T13:03:43.299262907Z,2026-01-05T13:02:30Z,4.048951,battery_voltage_V,ina226
,,0,2026-01-05T12:03:43.299262907Z,2026-01-05T13:03:43.299262907Z,2026-01-05T13:02:40Z,4.048951,battery_voltage_V,ina226
,,0,2026-01-05T12:03:43.299262907Z,2026-01-05T13:03:43.299262907Z,2026-01-05T13:02:50Z,4.041961,battery_voltage_V,ina226
,,0,2026-01-05T12:03:43.299262907Z,2026-01-05T13:03:43.299262907Z,2026-01-05T13:03:00Z,4.029728,battery_voltage_V,ina226
,,0,2026-01-05T12:03:43.299262907Z,2026-01-05T13:03:43.299262907Z,2026-01-05T13:03:10Z,4.048951,battery_voltage_V,ina226
,,0,2026-01-05T12:03:43.299262907Z,2026-01-05T13:03:43.299262907Z,2026-01-05T13:03:20Z,4.020991,battery_voltage_V,ina226
,,0,2026-01-05T12:03:43.299262907Z,2026-01-05T13:03:43.299262907Z,2026-01-05T13:03:40Z,4.0472035,battery_voltage_V,ina226
,,1,2026-01-05T12:03:43.299262907Z,2026-01-05T13:03:43.299262907Z,2026-01-05T12:09:50Z,-0.000001487922,current_A,ina226
,,1,2026-01-05T12:03:43.299262907Z,2026-01-05T13:03:43.299262907Z,2026-01-05T12:10:00Z,-0.000001244996,current_A,ina226
,,1,2026-01-05T12:03:43.299262907Z,2026-01-05T13:03:43.299262907Z,2026-01-05T12:10:10Z,0.000006710831,current_A,ina226
,,1,2026-01-05T12:03:43.299262907Z,2026-01-05T13:03:43.299262907Z,2026-01-05T12:10:20Z,0.000007227049,current_A,ina226
,,1,2026-01-05T12:03:43.299262907Z,2026-01-05T13:03:43.299262907Z,2026-01-05T12:10:30Z,0.000005982053,current_A,ina226
,,1,2026-01-05T12:03:43.299262907Z,2026-01-05T13:03:43.299262907Z,2026-01-05T12:10:40Z,0.000005708761,current_A,ina226
,,1,2026-01-05T12:03:43.299262907Z,2026-01-05T13:03:43.299262907Z,2026-01-05T12:10:50Z,0.000005708761,current_A,ina226
,,1,2026-01-05T12:03:43.299262907Z,2026-01-05T13:03:43.299262907Z,2026-01-05T12:11:00Z,0.000005465836,current_A,ina226
,,1,2026-01-05T12:03:43.299262907Z,2026-01-05T13:03:43.299262907Z,2026-01-05T12:11:10Z,0.000003977913,current_A,ina226
,,1,2026-01-05T12:03:43.299262907Z,2026-01-05T13:03:43.299262907Z,2026-01-05T12:11:20Z,0.000005222909,current_A,ina226
,,1,2026-01-05T12:03:43.299262907Z,2026-01-05T13:03:43.299262907Z,2026-01-05T12:11:30Z,0.00002089164,current_A,ina226
,,1,2026-01-05T12:03:43.299262907Z,2026-01-05T13:03:43.299262907Z,2026-01-05T12:11:40Z,0.00001715665,current_A,ina226
,,1,2026-01-05T12:03:43.299262907Z,2026-01-05T13:03:43.299262907Z,2026-01-05T12:11:50Z,0.00001068874,current_A,ina226
,,1,2026-01-05T12:03:43.299262907Z,2026-01-05T13:03:43.299262907Z,2026-01-05T12:12:00Z,0.000006224979,current_A,ina226
,,1,2026-01-05T12:03:43.299262907Z,2026-01-05T13:03:43.299262907Z,2026-01-05T12:12:10Z,-0.00000100207,current_A,ina226
,,1,2026-01-05T12:03:43.299262907Z,2026-01-05T13:03:43.299262907Z,2026-01-05T12:12:20Z,0.000007469975,current_A,ina226
,,1,2026-01-05T12:03:43.299262907Z,2026-01-05T13:03:43.299262907Z,2026-01-05T12:12:30Z,0.000007955827,current_A,ina226
,,1,2026-01-05T12:03:43.299262907Z,2026-01-05T13:03:43.299262907Z,2026-01-05T12:12:40Z,-0.00000100207,current_A,ina226
,,1,2026-01-05T12:03:43.299262907Z,2026-01-05T13:03:43.299262907Z,2026-01-05T12:13:00Z,-0.000000485852,current_A,ina226
,,1,2026-01-05T12:03:43.299262907Z,2026-01-05T13:03:43.299262907Z,2026-01-05T12:13:20Z,-0.00000062249785,current_A,ina226
,,1,2026-01-05T12:03:43.299262907Z,2026-01-05T13:03:43.299262907Z,2026-01-05T12:13:30Z,0.000006467905,current_A,ina226
,,1,2026-01-05T12:03:43.299262907Z,2026-01-05T13:03:43.299262907Z,2026-01-05T12:13:40Z,0.000000485852,current_A,ina226
,,1,2026-01-05T12:03:43.299262907Z,2026-01-05T13:03:43.299262907Z,2026-01-05T12:13:50Z,0.000000485852,current_A,ina226
,,1,2026-01-05T12:03:43.299262907Z,2026-01-05T13:03:43.299262907Z,2026-01-05T12:14:00Z,0.000000242926,current_A,ina226
,,1,2026-01-05T12:03:43.299262907Z,2026-01-05T13:03:43.299262907Z,2026-01-05T12:14:10Z,0.0000007591437,current_A,ina226
,,1,2026-01-05T12:03:43.299262907Z,2026-01-05T13:03:43.299262907Z,2026-01-05T12:14:20Z,0.00006889989,current_A,ina226
,,1,2026-01-05T12:03:43.299262907Z,2026-01-05T13:03:43.299262907Z,2026-01-05T12:14:30Z,0.0001201573,current_A,ina226
,,1,2026-01-05T12:03:43.299262907Z,2026-01-05T13:03:43.299262907Z,2026-01-05T12:14:40Z,0.0001171511,current_A,ina226
,,1,2026-01-05T12:03:43.299262907Z,2026-01-05T13:03:43.299262907Z,2026-01-05T12:14:50Z,0.000004463766,current_A,ina226
,,1,2026-01-05T12:03:43.299262907Z,2026-01-05T13:03:43.299262907Z,2026-01-05T12:15:00Z,0.00001393788,current_A,ina226
,,1,2026-01-05T12:03:43.299262907Z,2026-01-05T13:03:43.299262907Z,2026-01-05T12:15:10Z,0.0002027217,current_A,ina226
,,1,2026-01-05T12:03:43.299262907Z,2026-01-05T13:03:43.299262907Z,2026-01-05T12:15:20Z,0.00002984953,current_A,ina226
,,1,2026-01-05T12:03:43.299262907Z,2026-01-05T13:03:43.299262907Z,2026-01-05T12:15:30Z,0.0005174021,current_A,ina226
,,1,2026-01-05T12:03:43.299262907Z,2026-01-05T13:03:43.299262907Z,2026-01-05T12:15:40Z,0.0004920466,current_A,ina226
,,1,2026-01-05T12:03:43.299262907Z,2026-01-05T13:03:43.299262907Z,2026-01-05T12:15:50Z,0.0005208941,current_A,ina226
,,1,2026-01-05T12:03:43.299262907Z,2026-01-05T13:03:43.299262907Z,2026-01-05T12:16:00Z,0.0003412807,current_A,ina226
,,1,2026-01-05T12:03:43.299262907Z,2026-01-05T13:03:43.299262907Z,2026-01-05T12:16:10Z,0.0005216229,current_A,ina226
,,1,2026-01-05T12:03:43.299262907Z,2026-01-05T13:03:43.299262907Z,2026-01-05T12:16:30Z,0.0005378078,current_A,ina226
,,1,2026-01-05T12:03:43.299262907Z,2026-01-05T13:03:43.299262907Z,2026-01-05T12:16:40Z,0.0005338299,current_A,ina226
,,1,2026-01-05T12:03:43.299262907Z,2026-01-05T13:03:43.299262907Z,2026-01-05T12:16:50Z,0.0005338299,current_A,ina226
,,1,2026-01-05T12:03:43.299262907Z,2026-01-05T13:03:43.299262907Z,2026-01-05T12:17:00Z,0.0005271191,current_A,ina226
,,1,2026-01-05T12:03:43.299262907Z,2026-01-05T13:03:43.299262907Z,2026-01-05T12:17:10Z,0.0005069561,current_A,ina226
,,1,2026-01-05T12:03:43.299262907Z,2026-01-05T13:03:43.299262907Z,2026-01-05T12:17:20Z,0.0005378078,current_A,ina226
,,1,2026-01-05T12:03:43.299262907Z,2026-01-05T13:03:43.299262907Z,2026-01-05T12:17:30Z,0.0005566954,current_A,ina226
,,1,2026-01-05T12:03:43.299262907Z,2026-01-05T13:03:43.299262907Z,2026-01-05T12:17:40Z,0.0005743682,current_A,ina226
,,1,2026-01-05T12:03:43.299262907Z,2026-01-05T13:03:43.299262907Z,2026-01-05T12:17:50Z,0.0005372916,current_A,ina226
,,1,2026-01-05T12:03:43.299262907Z,2026-01-05T13:03:43.299262907Z,2026-01-05T12:18:00Z,0.0005353178,current_A,ina226
,,1,2026-01-05T12:03:43.299262907Z,2026-01-05T13:03:43.299262907Z,2026-01-05T12:18:10Z,0.000524872,current_A,ina226
,,1,2026-01-05T12:03:43.299262907Z,2026-01-05T13:03:43.299262907Z,2026-01-05T12:18:20Z,0.000524872,current_A,ina226
,,1,2026-01-05T12:03:43.299262907Z,2026-01-05T13:03:43.299262907Z,2026-01-05T12:18:30Z,0.0005154283,current_A,ina226
,,1,2026-01-05T12:03:43.299262907Z,2026-01-05T13:03:43.299262907Z,2026-01-05T12:18:40Z,0.000518647,current_A,ina226
,,1,2026-01-05T12:03:43.299262907Z,2026-01-05T13:03:43.299262907Z,2026-01-05T12:18:50Z,0.0005054683,current_A,ina226
,,1,2026-01-05T12:03:43.299262907Z,2026-01-05T13:03:43.299262907Z,2026-01-05T12:19:00Z,0.0004965104,current_A,ina226
,,1,2026-01-05T12:03:43.299262907Z,2026-01-05T13:03:43.299262907Z,2026-01-05T12:19:10Z,0.0004863075,current_A,ina226
,,1,2026-01-05T12:03:43.299262907Z,2026-01-05T13:03:43.299262907Z,2026-01-05T12:19:20Z,0.0004855787,current_A,ina226
,,1,2026-01-05T12:03:43.299262907Z,2026-01-05T13:03:43.299262907Z,2026-01-05T12:19:30Z,0.0003723752,current_A,ina226
,,1,2026-01-05T12:03:43.299262907Z,2026-01-05T13:03:43.299262907Z,2026-01-05T12:19:40Z,0.0004669037,current_A,ina226
,,1,2026-01-05T12:03:43.299262907Z,2026-01-05T13:03:43.299262907Z,2026-01-05T12:19:50Z,0.0004609521,current_A,ina226
,,1,2026-01-05T12:03:43.299262907Z,2026-01-05T13:03:43.299262907Z,2026-01-05T12:20:10Z,0.00045993485,current_A,ina226
,,1,2026-01-05T12:03:43.299262907Z,2026-01-05T13:03:43.299262907Z,2026-01-05T12:20:20Z,0.0004542109,current_A,ina226
,,1,2026-01-05T12:03:43.299262907Z,2026-01-05T13:03:43.299262907Z,2026-01-05T12:20:30Z,0.0004512351,current_A,ina226
,,1,2026-01-05T12:03:43.299262907Z,2026-01-05T13:03:43.299262907Z,2026-01-05T12:20:40Z,0.0004467713,current_A,ina226
,,1,2026-01-05T12:03:43.299262907Z,2026-01-05T13:03:43.299262907Z,2026-01-05T12:20:50Z,0.0003704014,current_A,ina226
,,1,2026-01-05T12:03:43.299262907Z,2026-01-05T13:03:43.299262907Z,2026-01-05T12:21:00Z,0.0004412751,current_A,ina226
,,1,2026-01-05T12:03:43.299262907Z,2026-01-05T13:03:43.299262907Z,2026-01-05T12:21:10Z,0.0004425201,current_A,ina226
,,1,2026-01-05T12:03:43.299262907Z,2026-01-05T13:03:43.299262907Z,2026-01-05T12:21:20Z,0.000445253,current_A,ina226
,,1,2026-01-05T12:03:43.299262907Z,2026-01-05T13:03:43.299262907Z,2026-01-05T12:21:30Z,0.0004425201,current_A,ina226
,,1,2026-01-05T12:03:43.299262907Z,2026-01-05T13:03:43.299262907Z,2026-01-05T12:21:40Z,0.0004430363,current_A,ina226
,,1,2026-01-05T12:03:43.299262907Z,2026-01-05T13:03:43.299262907Z,2026-01-05T12:21:50Z,0.0004435222,current_A,ina226
,,1,2026-01-05T12:03:43.299262907Z,2026-01-05T13:03:43.299262907Z,2026-01-05T12:22:00Z,0.0004397872,current_A,ina226
,,1,2026-01-05T12:03:43.299262907Z,2026-01-05T13:03:43.299262907Z,2026-01-05T12:22:10Z,0.0004340784,current_A,ina226
,,1,2026-01-05T12:03:43.299262907Z,2026-01-05T13:03:43.299262907Z,2026-01-05T12:22:20Z,0.0004358092,current_A,ina226
,,1,2026-01-05T12:03:43.299262907Z,2026-01-05T13:03:43.299262907Z,2026-01-05T12:22:30Z,0.0004370543,current_A,ina226
,,1,2026-01-05T12:03:43.299262907Z,2026-01-05T13:03:43.299262907Z,2026-01-05T12:22:40Z,0.0004283393,current_A,ina226
,,1,2026-01-05T12:03:43.299262907Z,2026-01-05T13:03:43.299262907Z,2026-01-05T12:22:50Z,0.0004405463,current_A,ina226
,,1,2026-01-05T12:03:43.299262907Z,2026-01-05T13:03:43.299262907Z,2026-01-05T12:23:00Z,0.0004350805,current_A,ina226
,,1,2026-01-05T12:03:43.299262907Z,2026-01-05T13:03:43.299262907Z,2026-01-05T12:23:10Z,0.0004338355,current_A,ina226
,,1,2026-01-05T12:03:43.299262907Z,2026-01-05T13:03:43.299262907Z,2026-01-05T12:23:20Z,0.0004315885,current_A,ina226
,,1,2026-01-05T12:03:43.299262907Z,2026-01-05T13:03:43.299262907Z,2026-01-05T12:23:30Z,0.0004311026,current_A,ina226
,,1,2026-01-05T12:03:43.299262907Z,2026-01-05T13:03:43.299262907Z,2026-01-05T12:23:40Z,0.0004270943,current_A,ina226
,,1,2026-01-05T12:03:43.299262907Z,2026-01-05T13:03:43.299262907Z,2026-01-05T12:23:50Z,0.0004176505,current_A,ina226
,,1,2026-01-05T12:03:43.299262907Z,2026-01-05T13:03:43.299262907Z,2026-01-05T12:24:00Z,0.0004303434,current_A,ina226
,,1,2026-01-05T12:03:43.299262907Z,2026-01-05T13:03:43.299262907Z,2026-01-05T12:24:10Z,0.0004169218,current_A,ina226
,,1,2026-01-05T12:03:43.299262907Z,2026-01-05T13:03:43.299262907Z,2026-01-05T12:24:20Z,0.0004196547,current_A,ina226
,,1,2026-01-05T12:03:43.299262907Z,2026-01-05T13:03:43.299262907Z,2026-01-05T12:24:30Z,0.0004111826,current_A,ina226
,,1,2026-01-05T12:03:43.299262907Z,2026-01-05T13:03:43.299262907Z,2026-01-05T12:24:50Z,0.0004017389,current_A,ina226
,,1,2026-01-05T12:03:43.299262907Z,2026-01-05T13:03:43.299262907Z,2026-01-05T12:25:00Z,0.000401253,current_A,ina226
,,1,2026-01-05T12:03:43.299262907Z,2026-01-05T13:03:43.299262907Z,2026-01-05T12:25:10Z,0.000390291,current_A,ina226
,,1,2026-01-05T12:03:43.299262907Z,2026-01-05T13:03:43.299262907Z,2026-01-05T12:25:20Z,0.000394026,current_A,ina226
,,1,2026-01-05T12:03:43.299262907Z,2026-01-05T13:03:43.299262907Z,2026-01-05T12:25:30Z,0.000386556,current_A,ina226
,,1,2026-01-05T12:03:43.299262907Z,2026-01-05T13:03:43.299262907Z,2026-01-05T12:25:40Z,0.000396516,current_A,ina226
,,1,2026-01-05T12:03:43.299262907Z,2026-01-05T13:03:43.299262907Z,2026-01-05T12:25:50Z,0.0003982469,current_A,ina226
,,1,2026-01-05T12:03:43.299262907Z,2026-01-05T13:03:43.299262907Z,2026-01-05T12:26:00Z,0.0003952709,current_A,ina226
,,1,2026-01-05T12:03:43.299262907Z,2026-01-05T13:03:43.299262907Z,2026-01-05T12:26:10Z,0.0003885602,current_A,ina226
,,1,2026-01-05T12:03:43.299262907Z,2026-01-05T13:03:43.299262907Z,2026-01-05T12:26:20Z,0.000387558,current_A,ina226
,,1,2026-01-05T12:03:43.299262907Z,2026-01-05T13:03:43.299262907Z,2026-01-05T12:26:30Z,0.0003669094,current_A,ina226
,,1,2026-01-05T12:03:43.299262907Z,2026-01-05T13:03:43.299262907Z,2026-01-05T12:26:40Z,0.000401496,current_A,ina226
,,1,2026-01-05T12:03:43.299262907Z,2026-01-05T13:03:43.299262907Z,2026-01-05T12:26:50Z,0.0004216284,current_A,ina226
,,1,2026-01-05T12:03:43.299262907Z,2026-01-05T13:03:43.299262907Z,2026-01-05T12:27:00Z,0.0004248776,current_A,ina226
,,1,2026-01-05T12:03:43.299262907Z,2026-01-05T13:03:43.299262907Z,2026-01-05T12:27:10Z,0.0004276105,current_A,ina226
,,1,2026-01-05T12:03:43.299262907Z,2026-01-05T13:03:43.299262907Z,2026-01-05T12:27:30Z,0.00042162845,current_A,ina226
,,1,2026-01-05T12:03:43.299262907Z,2026-01-05T13:03:43.299262907Z,2026-01-05T12:27:50Z,0.0004218714,current_A,ina226
,,1,2026-01-05T12:03:43.299262907Z,2026-01-05T13:03:43.299262907Z,2026-01-05T12:28:00Z,0.0004178935,current_A,ina226
,,1,2026-01-05T12:03:43.299262907Z,2026-01-05T13:03:43.299262907Z,2026-01-05T12:28:10Z,0.0004216284,current_A,ina226
,,1,2026-01-05T12:03:43.299262907Z,2026-01-05T13:03:43.299262907Z,2026-01-05T12:28:20Z,0.0004208997,current_A,ina226
,,1,2026-01-05T12:03:43.299262907Z,2026-01-05T13:03:43.299262907Z,2026-01-05T12:28:30Z,0.0004174076,current_A,ina226
,,1,2026-01-05T12:03:43.299262907Z,2026-01-05T13:03:43.299262907Z,2026-01-05T12:28:40Z,0.0004266084,current_A,ina226
,,1,2026-01-05T12:03:43.299262907Z,2026-01-05T13:03:43.299262907Z,2026-01-05T12:28:50Z,0.0004253634,current_A,ina226
,,1,2026-01-05T12:03:43.299262907Z,2026-01-05T13:03:43.299262907Z,2026-01-05T12:29:00Z,0.0003935401,current_A,ina226
,,1,2026-01-05T12:03:43.299262907Z,2026-01-05T13:03:43.299262907Z,2026-01-05T12:29:10Z,0.0004042289,current_A,ina226
,,1,2026-01-05T12:03:43.299262907Z,2026-01-05T13:03:43.299262907Z,2026-01-05T12:29:20Z,0.0004196547,current_A,ina226
,,1,2026-01-05T12:03:43.299262907Z,2026-01-05T13:03:43.299262907Z,2026-01-05T12:29:30Z,0.0004216284,current_A,ina226
,,1,2026-01-05T12:03:43.299262907Z,2026-01-05T13:03:43.299262907Z,2026-01-05T12:29:40Z,0.0004106968,current_A,ina226
,,1,2026-01-05T12:03:43.299262907Z,2026-01-05T13:03:43.299262907Z,2026-01-05T12:29:50Z,0.0004218714,current_A,ina226
,,1,2026-01-05T12:03:43.299262907Z,2026-01-05T13:03:43.299262907Z,2026-01-05T12:30:00Z,0.0004368114,current_A,ina226
,,1,2026-01-05T12:03:43.299262907Z,2026-01-05T13:03:43.299262907Z,2026-01-05T12:30:10Z,0.0004243614,current_A,ina226
,,1,2026-01-05T12:03:43.299262907Z,2026-01-05T13:03:43.299262907Z,2026-01-05T12:30:20Z,0.0004079639,current_A,ina226
,,1,2026-01-05T12:03:43.299262907Z,2026-01-05T13:03:43.299262907Z,2026-01-05T12:30:30Z,0.0004047147,current_A,ina226
,,1,2026-01-05T12:03:43.299262907Z,2026-01-05T13:03:43.299262907Z,2026-01-05T12:30:40Z,0.0004280963,current_A,ina226
,,1,2026-01-05T12:03:43.299262907Z,2026-01-05T13:03:43.299262907Z,2026-01-05T12:30:50Z,0.0004206264,current_A,ina226
,,1,2026-01-05T12:03:43.299262907Z,2026-01-05T13:03:43.299262907Z,2026-01-05T12:31:00Z,0.0004144318,current_A,ina226
,,1,2026-01-05T12:03:43.299262907Z,2026-01-05T13:03:43.299262907Z,2026-01-05T12:31:10Z,0.0004161626,current_A,ina226
,,1,2026-01-05T12:03:43.299262907Z,2026-01-05T13:03:43.299262907Z,2026-01-05T12:31:20Z,0.0004194118,current_A,ina226
,,1,2026-01-05T12:03:43.299262907Z,2026-01-05T13:03:43.299262907Z,2026-01-05T12:31:30Z,0.0004246346,current_A,ina226
,,1,2026-01-05T12:03:43.299262907Z,2026-01-05T13:03:43.299262907Z,2026-01-05T12:31:40Z,0.0004196547,current_A,ina226
,,1,2026-01-05T12:03:43.299262907Z,2026-01-05T13:03:43.299262907Z,2026-01-05T12:31:50Z,0.0004211426,current_A,ina226
,,1,2026-01-05T12:03:43.299262907Z,2026-01-05T13:03:43.299262907Z,2026-01-05T12:32:00Z,0.0004171647,current_A,ina226
,,1,2026-01-05T12:03:43.299262907Z,2026-01-05T13:03:43.299262907Z,2026-01-05T12:32:10Z,0.0004228734,current_A,ina226
,,1,2026-01-05T12:03:43.299262907Z,2026-01-05T13:03:43.299262907Z,2026-01-05T12:32:20Z,0.0004258797,current_A,ina226
,,1,2026-01-05T12:03:43.299262907Z,2026-01-05T13:03:43.299262907Z,2026-01-05T12:32:30Z,0.0004270943,current_A,ina226
,,1,2026-01-05T12:03:43.299262907Z,2026-01-05T13:03:43.299262907Z,2026-01-05T12:32:40Z,0.0004276105,current_A,ina226
,,1,2026-01-05T12:03:43.299262907Z,2026-01-05T13:03:43.299262907Z,2026-01-05T12:32:50Z,0.0004288555,current_A,ina226
,,1,2026-01-05T12:03:43.299262907Z,2026-01-05T13:03:43.299262907Z,2026-01-05T12:33:00Z,0.0004278534,current_A,ina226
,,1,2026-01-05T12:03:43.299262907Z,2026-01-05T13:03:43.299262907Z,2026-01-05T12:33:10Z,0.0004313455,current_A,ina226
,,1,2026-01-05T12:03:43.299262907Z,2026-01-05T13:03:43.299262907Z,2026-01-05T12:33:20Z,0.0004295843,current_A,ina226
,,1,2026-01-05T12:03:43.299262907Z,2026-01-05T13:03:43.299262907Z,2026-01-05T12:33:30Z,0.0004382992,current_A,ina226
,,1,2026-01-05T12:03:43.299262907Z,2026-01-05T13:03:43.299262907Z,2026-01-05T12:33:40Z,0.0004420342,current_A,ina226
,,1,2026-01-05T12:03:43.299262907Z,2026-01-05T13:03:43.299262907Z,2026-01-05T12:33:50Z,0.0003601985,current_A,ina226
,,1,2026-01-05T12:03:43.299262907Z,2026-01-05T13:03:43.299262907Z,2026-01-05T12:34:00Z,0.0004447672,current_A,ina226
,,1,2026-01-05T12:03:43.299262907Z,2026-01-05T13:03:43.299262907Z,2026-01-05T12:34:10Z,0.0004450101,current_A,ina226
,,1,2026-01-05T12:03:43.299262907Z,2026-01-05T13:03:43.299262907Z,2026-01-05T12:34:20Z,0.0003485077,current_A,ina226
,,1,2026-01-05T12:03:43.299262907Z,2026-01-05T13:03:43.299262907Z,2026-01-05T12:34:30Z,0.0004505063,current_A,ina226
,,1,2026-01-05T12:03:43.299262907Z,2026-01-05T13:03:43.299262907Z,2026-01-05T12:34:40Z,0.0004517209,current_A,ina226
,,1,2026-01-05T12:03:43.299262907Z,2026-01-05T13:03:43.299262907Z,2026-01-05T12:34:50Z,0.0004567009,current_A,ina226
,,1,2026-01-05T12:03:43.299262907Z,2026-01-05T13:03:43.299262907Z,2026-01-05T12:35:00Z,0.0004447672,current_A,ina226
,,1,2026-01-05T12:03:43.299262907Z,2026-01-05T13:03:43.299262907Z,2026-01-05T12:35:10Z,0.00045995,current_A,ina226
,,1,2026-01-05T12:03:43.299262907Z,2026-01-05T13:03:43.299262907Z,2026-01-05T12:35:20Z,0.0004664179,current_A,ina226
,,1,2026-01-05T12:03:43.299262907Z,2026-01-05T13:03:43.299262907Z,2026-01-05T12:35:30Z,0.0004731288,current_A,ina226
,,1,2026-01-05T12:03:43.299262907Z,2026-01-05T13:03:43.299262907Z,2026-01-05T12:35:40Z,0.0004810846,current_A,ina226
,,1,2026-01-05T12:03:43.299262907Z,2026-01-05T13:03:43.299262907Z,2026-01-05T12:35:50Z,0.0004771067,current_A,ina226
,,1,2026-01-05T12:03:43.299262907Z,2026-01-05T13:03:43.299262907Z,2026-01-05T12:36:00Z,0.0004795967,current_A,ina226
,,1,2026-01-05T12:03:43.299262907Z,2026-01-05T13:03:43.299262907Z,2026-01-05T12:36:10Z,0.0004816008,current_A,ina226
,,1,2026-01-05T12:03:43.299262907Z,2026-01-05T13:03:43.299262907Z,2026-01-05T12:36:20Z,0.0004868237,current_A,ina226
,,1,2026-01-05T12:03:43.299262907Z,2026-01-05T13:03:43.299262907Z,2026-01-05T12:36:30Z,0.0004096947,current_A,ina226
,,1,2026-01-05T12:03:43.299262907Z,2026-01-05T13:03:43.299262907Z,2026-01-05T12:36:40Z,0.0004900425,current_A,ina226
,,1,2026-01-05T12:03:43.299262907Z,2026-01-05T13:03:43.299262907Z,2026-01-05T12:36:50Z,0.0005009741,current_A,ina226
,,1,2026-01-05T12:03:43.299262907Z,2026-01-05T13:03:43.299262907Z,2026-01-05T12:37:00Z,0.0005034641,current_A,ina226
,,1,2026-01-05T12:03:43.299262907Z,2026-01-05T13:03:43.299262907Z,2026-01-05T12:37:10Z,0.0005037374,current_A,ina226
,,1,2026-01-05T12:03:43.299262907Z,2026-01-05T13:03:43.299262907Z,2026-01-05T12:37:20Z,0.0005024924,current_A,ina226
,,1,2026-01-05T12:03:43.299262907Z,2026-01-05T13:03:43.299262907Z,2026-01-05T12:37:30Z,0.0005134242,current_A,ina226
,,1,2026-01-05T12:03:43.299262907Z,2026-01-05T13:03:43.299262907Z,2026-01-05T12:37:40Z,0.0005188899,current_A,ina226
,,1,2026-01-05T12:03:43.299262907Z,2026-01-05T13:03:43.299262907Z,2026-01-05T12:37:50Z,0.0005203779,current_A,ina226
,,1,2026-01-05T12:03:43.299262907Z,2026-01-05T13:03:43.299262907Z,2026-01-05T12:38:00Z,0.0005213799,current_A,ina226
,,1,2026-01-05T12:03:43.299262907Z,2026-01-05T13:03:43.299262907Z,2026-01-05T12:38:10Z,0.0005221391,current_A,ina226
,,1,2026-01-05T12:03:43.299262907Z,2026-01-05T13:03:43.299262907Z,2026-01-05T12:38:20Z,0.0005288499,current_A,ina226
,,1,2026-01-05T12:03:43.299262907Z,2026-01-05T13:03:43.299262907Z,2026-01-05T12:38:30Z,0.0005320687,current_A,ina226
,,1,2026-01-05T12:03:43.299262907Z,2026-01-05T13:03:43.299262907Z,2026-01-05T12:38:40Z,0.0003673953,current_A,ina226
,,1,2026-01-05T12:03:43.299262907Z,2026-01-05T13:03:43.299262907Z,2026-01-05T12:38:50Z,0.0005258741,current_A,ina226
,,1,2026-01-05T12:03:43.299262907Z,2026-01-05T13:03:43.299262907Z,2026-01-05T12:39:00Z,0.0005554807,current_A,ina226
,,1,2026-01-05T12:03:43.299262907Z,2026-01-05T13:03:43.299262907Z,2026-01-05T12:39:10Z,0.0005365629,current_A,ina226
,,1,2026-01-05T12:03:43.299262907Z,2026-01-05T13:03:43.299262907Z,2026-01-05T12:39:40Z,0.0005477678,current_A,ina226
,,1,2026-01-05T12:03:43.299262907Z,2026-01-05T13:03:43.299262907Z,2026-01-05T12:39:50Z,0.0005566954,current_A,ina226
,,1,2026-01-05T12:03:43.299262907Z,2026-01-05T13:03:43.299262907Z,2026-01-05T12:40:00Z,0.0005579402,current_A,ina226
,,1,2026-01-05T12:03:43.299262907Z,2026-01-05T13:03:43.299262907Z,2026-01-05T12:40:10Z,0.0005604303,current_A,ina226
,,1,2026-01-05T12:03:43.299262907Z,2026-01-05T13:03:43.299262907Z,2026-01-05T12:40:20Z,0.0005597015,current_A,ina226
,,1,2026-01-05T12:03:43.299262907Z,2026-01-05T13:03:43.299262907Z,2026-01-05T12:40:30Z,0.0005664124,current_A,ina226
,,1,2026-01-05T12:03:43.299262907Z,2026-01-05T13:03:43.299262907Z,2026-01-05T12:40:40Z,0.0005683861,current_A,ina226
,,1,2026-01-05T12:03:43.299262907Z,2026-01-05T13:03:43.299262907Z,2026-01-05T12:40:50Z,0.0005604303,current_A,ina226
,,1,2026-01-05T12:03:43.299262907Z,2026-01-05T13:03:43.299262907Z,2026-01-05T12:41:10Z,0.0005656532,current_A,ina226
,,1,2026-01-05T12:03:43.299262907Z,2026-01-05T13:03:43.299262907Z,2026-01-05T12:41:20Z,0.0005708761,current_A,ina226
,,1,2026-01-05T12:03:43.299262907Z,2026-01-05T13:03:43.299262907Z,2026-01-05T12:41:30Z,0.0005699044,current_A,ina226
,,1,2026-01-05T12:03:43.299262907Z,2026-01-05T13:03:43.299262907Z,2026-01-05T12:41:40Z,0.0005683861,current_A,ina226
,,1,2026-01-05T12:03:43.299262907Z,2026-01-05T13:03:43.299262907Z,2026-01-05T12:41:50Z,0.0005689024,current_A,ina226
,,1,2026-01-05T12:03:43.299262907Z,2026-01-05T13:03:43.299262907Z,2026-01-05T12:42:00Z,0.0005624344,current_A,ina226
,,1,2026-01-05T12:03:43.299262907Z,2026-01-05T13:03:43.299262907Z,2026-01-05T12:42:10Z,0.0005703903,current_A,ina226
,,1,2026-01-05T12:03:43.299262907Z,2026-01-05T13:03:43.299262907Z,2026-01-05T12:42:20Z,0.0005718782,current_A,ina226
,,1,2026-01-05T12:03:43.299262907Z,2026-01-05T13:03:43.299262907Z,2026-01-05T12:42:30Z,0.0005753703,current_A,ina226
,,1,2026-01-05T12:03:43.299262907Z,2026-01-05T13:03:43.299262907Z,2026-01-05T12:42:40Z,0.0005699044,current_A,ina226
,,1,2026-01-05T12:03:43.299262907Z,2026-01-05T13:03:43.299262907Z,2026-01-05T12:42:50Z,0.0005728803,current_A,ina226
,,1,2026-01-05T12:03:43.299262907Z,2026-01-05T13:03:43.299262907Z,2026-01-05T12:43:00Z,0.0005728803,current_A,ina226
,,1,2026-01-05T12:03:43.299262907Z,2026-01-05T13:03:43.299262907Z,2026-01-05T12:43:10Z,0.0005751273,current_A,ina226
,,1,2026-01-05T12:03:43.299262907Z,2026-01-05T13:03:43.299262907Z,2026-01-05T12:43:20Z,0.0004828155,current_A,ina226
,,1,2026-01-05T12:03:43.299262907Z,2026-01-05T13:03:43.299262907Z,2026-01-05T12:43:30Z,0.0005818381,current_A,ina226
,,1,2026-01-05T12:03:43.299262907Z,2026-01-05T13:03:43.299262907Z,2026-01-05T12:43:40Z,0.0005843281,current_A,ina226
,,1,2026-01-05T12:03:43.299262907Z,2026-01-05T13:03:43.299262907Z,2026-01-05T12:43:50Z,0.000581322,current_A,ina226
,,1,2026-01-05T12:03:43.299262907Z,2026-01-05T13:03:43.299262907Z,2026-01-05T12:44:00Z,0.000592284,current_A,ina226
,,1,2026-01-05T12:03:43.299262907Z,2026-01-05T13:03:43.299262907Z,2026-01-05T12:44:10Z,0.0005887919,current_A,ina226
,,1,2026-01-05T12:03:43.299262907Z,2026-01-05T13:03:43.299262907Z,2026-01-05T12:44:20Z,0.0005927699,current_A,ina226
,,1,2026-01-05T12:03:43.299262907Z,2026-01-05T13:03:43.299262907Z,2026-01-05T12:44:30Z,0.0005975068,current_A,ina226
,,1,2026-01-05T12:03:43.299262907Z,2026-01-05T13:03:43.299262907Z,2026-01-05T12:44:40Z,0.0006007257,current_A,ina226
,,1,2026-01-05T12:03:43.299262907Z,2026-01-05T13:03:43.299262907Z,2026-01-05T12:44:50Z,0.0006019706,current_A,ina226
,,1,2026-01-05T12:03:43.299262907Z,2026-01-05T13:03:43.299262907Z,2026-01-05T12:45:00Z,0.0006081956,current_A,ina226
,,1,2026-01-05T12:03:43.299262907Z,2026-01-05T13:03:43.299262907Z,2026-01-05T12:45:10Z,0.0006161514,current_A,ina226
,,1,2026-01-05T12:03:43.299262907Z,2026-01-05T13:03:43.299262907Z,2026-01-05T12:45:20Z,0.0006129327,current_A,ina226
,,1,2026-01-05T12:03:43.299262907Z,2026-01-05T13:03:43.299262907Z,2026-01-05T12:45:30Z,0.0006146636,current_A,ina226
,,1,2026-01-05T12:03:43.299262907Z,2026-01-05T13:03:43.299262907Z,2026-01-05T12:45:40Z,0.0006211314,current_A,ina226
,,1,2026-01-05T12:03:43.299262907Z,2026-01-05T13:03:43.299262907Z,2026-01-05T12:45:50Z,0.0006273564,current_A,ina226
,,1,2026-01-05T12:03:43.299262907Z,2026-01-05T13:03:43.299262907Z,2026-01-05T12:46:00Z,0.0006278422,current_A,ina226
,,1,2026-01-05T12:03:43.299262907Z,2026-01-05T13:03:43.299262907Z,2026-01-05T12:46:10Z,0.0006298465,current_A,ina226
,,1,2026-01-05T12:03:43.299262907Z,2026-01-05T13:03:43.299262907Z,2026-01-05T12:46:20Z,0.0006325793,current_A,ina226
,,1,2026-01-05T12:03:43.299262907Z,2026-01-05T13:03:43.299262907Z,2026-01-05T12:46:30Z,0.0006388043,current_A,ina226
,,1,2026-01-05T12:03:43.299262907Z,2026-01-05T13:03:43.299262907Z,2026-01-05T12:46:40Z,0.000644756,current_A,ina226
,,1,2026-01-05T12:03:43.299262907Z,2026-01-05T13:03:43.299262907Z,2026-01-05T12:46:50Z,0.0005574545,current_A,ina226
,,1,2026-01-05T12:03:43.299262907Z,2026-01-05T13:03:43.299262907Z,2026-01-05T12:47:00Z,0.0006462742,current_A,ina226
,,1,2026-01-05T12:03:43.299262907Z,2026-01-05T13:03:43.299262907Z,2026-01-05T12:47:10Z,0.0006529851,current_A,ina226
,,1,2026-01-05T12:03:43.299262907Z,2026-01-05T13:03:43.299262907Z,2026-01-05T12:47:20Z,0.0006596959,current_A,ina226
,,1,2026-01-05T12:03:43.299262907Z,2026-01-05T13:03:43.299262907Z,2026-01-05T12:47:30Z,0.0006634309,current_A,ina226
,,1,2026-01-05T12:03:43.299262907Z,2026-01-05T13:03:43.299262907Z,2026-01-05T12:47:40Z,0.0006576919,current_A,ina226
,,1,2026-01-05T12:03:43.299262907Z,2026-01-05T13:03:43.299262907Z,2026-01-05T12:47:50Z,0.0006609409,current_A,ina226
,,1,2026-01-05T12:03:43.299262907Z,2026-01-05T13:03:43.299262907Z,2026-01-05T12:48:00Z,0.0006664067,current_A,ina226
,,1,2026-01-05T12:03:43.299262907Z,2026-01-05T13:03:43.299262907Z,2026-01-05T12:48:10Z,0.0006768526,current_A,ina226
,,1,2026-01-05T12:03:43.299262907Z,2026-01-05T13:03:43.299262907Z,2026-01-05T12:48:20Z,0.0006766096,current_A,ina226
,,1,2026-01-05T12:03:43.299262907Z,2026-01-05T13:03:43.299262907Z,2026-01-05T12:48:30Z,0.0006798284,current_A,ina226
,,1,2026-01-05T12:03:43.299262907Z,2026-01-05T13:03:43.299262907Z,2026-01-05T12:48:40Z,0.0006843226,current_A,ina226
,,1,2026-01-05T12:03:43.299262907Z,2026-01-05T13:03:43.299262907Z,2026-01-05T12:48:50Z,0.0006883004,current_A,ina226
,,1,2026-01-05T12:03:43.299262907Z,2026-01-05T13:03:43.299262907Z,2026-01-05T12:49:00Z,0.0006378022,current_A,ina226
,,1,2026-01-05T12:03:43.299262907Z,2026-01-05T13:03:43.299262907Z,2026-01-05T12:49:10Z,0.0007034833,current_A,ina226
,,1,2026-01-05T12:03:43.299262907Z,2026-01-05T13:03:43.299262907Z,2026-01-05T12:49:20Z,0.0007047284,current_A,ina226
,,1,2026-01-05T12:03:43.299262907Z,2026-01-05T13:03:43.299262907Z,2026-01-05T12:49:30Z,0.0007149312,current_A,ina226
,,1,2026-01-05T12:03:43.299262907Z,2026-01-05T13:03:43.299262907Z,2026-01-05T12:49:40Z,0.0007171479,current_A,ina226
,,1,2026-01-05T12:03:43.299262907Z,2026-01-05T13:03:43.299262907Z,2026-01-05T12:49:50Z,0.0007166621,current_A,ina226
,,1,2026-01-05T12:03:43.299262907Z,2026-01-05T13:03:43.299262907Z,2026-01-05T12:50:00Z,0.0007263488,current_A,ina226
,,1,2026-01-05T12:03:43.299262907Z,2026-01-05T13:03:43.299262907Z,2026-01-05T12:50:10Z,0.00073309,current_A,ina226
,,1,2026-01-05T12:03:43.299262907Z,2026-01-05T13:03:43.299262907Z,2026-01-05T12:50:20Z,0.000729355,current_A,ina226
,,1,2026-01-05T12:03:43.299262907Z,2026-01-05T13:03:43.299262907Z,2026-01-05T12:50:30Z,0.0007390416,current_A,ina226
,,1,2026-01-05T12:03:43.299262907Z,2026-01-05T13:03:43.299262907Z,2026-01-05T12:50:40Z,0.0007385558,current_A,ina226
,,1,2026-01-05T12:03:43.299262907Z,2026-01-05T13:03:43.299262907Z,2026-01-05T12:50:50Z,0.0007437787,current_A,ina226
,,1,2026-01-05T12:03:43.299262907Z,2026-01-05T13:03:43.299262907Z,2026-01-05T12:51:00Z,0.0007447808,current_A,ina226
,,1,2026-01-05T12:03:43.299262907Z,2026-01-05T13:03:43.299262907Z,2026-01-05T12:51:10Z,0.0007353067,current_A,ina226
,,1,2026-01-05T12:03:43.299262907Z,2026-01-05T13:03:43.299262907Z,2026-01-05T12:51:20Z,0.0007532225,current_A,ina226
,,1,2026-01-05T12:03:43.299262907Z,2026-01-05T13:03:43.299262907Z,2026-01-05T12:51:30Z,0.0007315717,current_A,ina226
,,1,2026-01-05T12:03:43.299262907Z,2026-01-05T13:03:43.299262907Z,2026-01-05T12:51:40Z,0.0007363088,current_A,ina226
,,1,2026-01-05T12:03:43.299262907Z,2026-01-05T13:03:43.299262907Z,2026-01-05T12:51:50Z,0.0007313287,current_A,ina226
,,1,2026-01-05T12:03:43.299262907Z,2026-01-05T13:03:43.299262907Z,2026-01-05T12:52:00Z,0.0007310858,current_A,ina226
,,1,2026-01-05T12:03:43.299262907Z,2026-01-05T13:03:43.299262907Z,2026-01-05T12:52:10Z,0.000728353,current_A,ina226
,,1,2026-01-05T12:03:43.299262907Z,2026-01-05T13:03:43.299262907Z,2026-01-05T12:52:20Z,0.00072313,current_A,ina226
,,1,2026-01-05T12:03:43.299262907Z,2026-01-05T13:03:43.299262907Z,2026-01-05T12:52:30Z,0.00071068,current_A,ina226
,,1,2026-01-05T12:03:43.299262907Z,2026-01-05T13:03:43.299262907Z,2026-01-05T12:52:40Z,0.000717907,current_A,ina226
,,1,2026-01-05T12:03:43.299262907Z,2026-01-05T13:03:43.299262907Z,2026-01-05T12:52:50Z,0.0007121679,current_A,ina226
,,1,2026-01-05T12:03:43.299262907Z,2026-01-05T13:03:43.299262907Z,2026-01-05T12:53:00Z,0.00071068,current_A,ina226
,,1,2026-01-05T12:03:43.299262907Z,2026-01-05T13:03:43.299262907Z,2026-01-05T12:53:10Z,0.0007037263,current_A,ina226
,,1,2026-01-05T12:03:43.299262907Z,2026-01-05T13:03:43.299262907Z,2026-01-05T12:53:20Z,0.0006964993,current_A,ina226
,,1,2026-01-05T12:03:43.299262907Z,2026-01-05T13:03:43.299262907Z,2026-01-05T12:53:30Z,0.0007044551,current_A,ina226
,,1,2026-01-05T12:03:43.299262907Z,2026-01-05T13:03:43.299262907Z,2026-01-05T12:53:40Z,0.0007014792,current_A,ina226
,,1,2026-01-05T12:03:43.299262907Z,2026-01-05T13:03:43.299262907Z,2026-01-05T12:53:50Z,0.0006937664,current_A,ina226
,,1,2026-01-05T12:03:43.299262907Z,2026-01-05T13:03:43.299262907Z,2026-01-05T12:54:00Z,0.0006999913,current_A,ina226
,,1,2026-01-05T12:03:43.299262907Z,2026-01-05T13:03:43.299262907Z,2026-01-05T12:54:10Z,0.0006878146,current_A,ina226
,,1,2026-01-05T12:03:43.299262907Z,2026-01-05T13:03:43.299262907Z,2026-01-05T12:54:20Z,0.0006870555,current_A,ina226
,,1,2026-01-05T12:03:43.299262907Z,2026-01-05T13:03:43.299262907Z,2026-01-05T12:54:30Z,0.0006992321,current_A,ina226
,,1,2026-01-05T12:03:43.299262907Z,2026-01-05T13:03:43.299262907Z,2026-01-05T12:54:40Z,0.0006758505,current_A,ina226
,,1,2026-01-05T12:03:43.299262907Z,2026-01-05T13:03:43.299262907Z,2026-01-05T12:54:50Z,0.0006743626,current_A,ina226
,,1,2026-01-05T12:03:43.299262907Z,2026-01-05T13:03:43.299262907Z,2026-01-05T12:55:00Z,0.0006738767,current_A,ina226
,,1,2026-01-05T12:03:43.299262907Z,2026-01-05T13:03:43.299262907Z,2026-01-05T12:55:10Z,0.0006688968,current_A,ina226
,,1,2026-01-05T12:03:43.299262907Z,2026-01-05T13:03:43.299262907Z,2026-01-05T12:55:20Z,0.0006668926,current_A,ina226
,,1,2026-01-05T12:03:43.299262907Z,2026-01-05T13:03:43.299262907Z,2026-01-05T12:55:30Z,0.0006626718,current_A,ina226
,,1,2026-01-05T12:03:43.299262907Z,2026-01-05T13:03:43.299262907Z,2026-01-05T12:55:40Z,0.0006681376,current_A,ina226
,,1,2026-01-05T12:03:43.299262907Z,2026-01-05T13:03:43.299262907Z,2026-01-05T12:55:50Z,0.0006641597,current_A,ina226
,,1,2026-01-05T12:03:43.299262907Z,2026-01-05T13:03:43.299262907Z,2026-01-05T12:56:00Z,0.0006688968,current_A,ina226
,,1,2026-01-05T12:03:43.299262907Z,2026-01-05T13:03:43.299262907Z,2026-01-05T12:56:10Z,0.0006758505,current_A,ina226
,,1,2026-01-05T12:03:43.299262907Z,2026-01-05T13:03:43.299262907Z,2026-01-05T12:56:20Z,0.0006726317,current_A,ina226
,,1,2026-01-05T12:03:43.299262907Z,2026-01-05T13:03:43.299262907Z,2026-01-05T12:56:30Z,0.0006761086499999999,current_A,ina226
,,1,2026-01-05T12:03:43.299262907Z,2026-01-05T13:03:43.299262907Z,2026-01-05T12:56:40Z,0.0006698989,current_A,ina226
,,1,2026-01-05T12:03:43.299262907Z,2026-01-05T13:03:43.299262907Z,2026-01-05T12:57:00Z,0.00068283465,current_A,ina226
,,1,2026-01-05T12:03:43.299262907Z,2026-01-05T13:03:43.299262907Z,2026-01-05T12:57:20Z,0.000654716,current_A,ina226
,,1,2026-01-05T12:03:43.299262907Z,2026-01-05T13:03:43.299262907Z,2026-01-05T12:57:30Z,0.0007017221,current_A,ina226
,,1,2026-01-05T12:03:43.299262907Z,2026-01-05T13:03:43.299262907Z,2026-01-05T12:57:40Z,0.0007029671,current_A,ina226
,,1,2026-01-05T12:03:43.299262907Z,2026-01-05T13:03:43.299262907Z,2026-01-05T12:57:50Z,0.0007019955,current_A,ina226
,,1,2026-01-05T12:03:43.299262907Z,2026-01-05T13:03:43.299262907Z,2026-01-05T12:58:00Z,0.0007022384,current_A,ina226
,,1,2026-01-05T12:03:43.299262907Z,2026-01-05T13:03:43.299262907Z,2026-01-05T12:58:10Z,0.0007047284,current_A,ina226
,,1,2026-01-05T12:03:43.299262907Z,2026-01-05T13:03:43.299262907Z,2026-01-05T12:58:20Z,0.0007049713,current_A,ina226
,,1,2026-01-05T12:03:43.299262907Z,2026-01-05T13:03:43.299262907Z,2026-01-05T12:58:30Z,0.0006940092,current_A,ina226
,,1,2026-01-05T12:03:43.299262907Z,2026-01-05T13:03:43.299262907Z,2026-01-05T12:58:40Z,0.0007012362,current_A,ina226
,,1,2026-01-05T12:03:43.299262907Z,2026-01-05T13:03:43.299262907Z,2026-01-05T12:58:50Z,0.0007002342,current_A,ina226
,,1,2026-01-05T12:03:43.299262907Z,2026-01-05T13:03:43.299262907Z,2026-01-05T12:59:00Z,0.0007029671,current_A,ina226
,,1,2026-01-05T12:03:43.299262907Z,2026-01-05T13:03:43.299262907Z,2026-01-05T12:59:10Z,0.0007002342,current_A,ina226
,,1,2026-01-05T12:03:43.299262907Z,2026-01-05T13:03:43.299262907Z,2026-01-05T12:59:20Z,0.0006945253,current_A,ina226
,,1,2026-01-05T12:03:43.299262907Z,2026-01-05T13:03:43.299262907Z,2026-01-05T12:59:30Z,0.0007002342,current_A,ina226
,,1,2026-01-05T12:03:43.299262907Z,2026-01-05T13:03:43.299262907Z,2026-01-05T12:59:40Z,0.0006964993,current_A,ina226
,,1,2026-01-05T12:03:43.299262907Z,2026-01-05T13:03:43.299262907Z,2026-01-05T12:59:50Z,0.0007047284,current_A,ina226
,,1,2026-01-05T12:03:43.299262907Z,2026-01-05T13:03:43.299262907Z,2026-01-05T13:00:00Z,0.0006915193,current_A,ina226
,,1,2026-01-05T12:03:43.299262907Z,2026-01-05T13:03:43.299262907Z,2026-01-05T13:00:10Z,0.0006975013,current_A,ina226
,,1,2026-01-05T12:03:43.299262907Z,2026-01-05T13:03:43.299262907Z,2026-01-05T13:00:20Z,0.0006932805,current_A,ina226
,,1,2026-01-05T12:03:43.299262907Z,2026-01-05T13:03:43.299262907Z,2026-01-05T13:00:30Z,0.0007029671,current_A,ina226
,,1,2026-01-05T12:03:43.299262907Z,2026-01-05T13:03:43.299262907Z,2026-01-05T13:00:40Z,0.0006830776,current_A,ina226
,,1,2026-01-05T12:03:43.299262907Z,2026-01-05T13:03:43.299262907Z,2026-01-05T13:00:50Z,0.0007012362,current_A,ina226
,,1,2026-01-05T12:03:43.299262907Z,2026-01-05T13:03:43.299262907Z,2026-01-05T13:01:00Z,0.0006942825,current_A,ina226
,,1,2026-01-05T12:03:43.299262907Z,2026-01-05T13:03:43.299262907Z,2026-01-05T13:01:10Z,0.0007111963,current_A,ina226
,,1,2026-01-05T12:03:43.299262907Z,2026-01-05T13:03:43.299262907Z,2026-01-05T13:01:20Z,0.0006960135,current_A,ina226
,,1,2026-01-05T12:03:43.299262907Z,2026-01-05T13:03:43.299262907Z,2026-01-05T13:01:30Z,0.0007063377,current_A,ina226
,,1,2026-01-05T12:03:43.299262907Z,2026-01-05T13:03:43.299262907Z,2026-01-05T13:01:40Z,0.0007211259,current_A,ina226
,,1,2026-01-05T12:03:43.299262907Z,2026-01-05T13:03:43.299262907Z,2026-01-05T13:01:50Z,0.0007246179,current_A,ina226
,,1,2026-01-05T12:03:43.299262907Z,2026-01-05T13:03:43.299262907Z,2026-01-05T13:02:00Z,0.0007124412,current_A,ina226
,,1,2026-01-05T12:03:43.299262907Z,2026-01-05T13:03:43.299262907Z,2026-01-05T13:02:10Z,0.0006942825,current_A,ina226
,,1,2026-01-05T12:03:43.299262907Z,2026-01-05T13:03:43.299262907Z,2026-01-05T13:02:20Z,0.0006940092,current_A,ina226
,,1,2026-01-05T12:03:43.299262907Z,2026-01-05T13:03:43.299262907Z,2026-01-05T13:02:30Z,0.0006890595,current_A,ina226
,,1,2026-01-05T12:03:43.299262907Z,2026-01-05T13:03:43.299262907Z,2026-01-05T13:02:40Z,0.0006815896,current_A,ina226
,,1,2026-01-05T12:03:43.299262907Z,2026-01-05T13:03:43.299262907Z,2026-01-05T13:02:50Z,0.0006776118,current_A,ina226
,,1,2026-01-05T12:03:43.299262907Z,2026-01-05T13:03:43.299262907Z,2026-01-05T13:03:00Z,0.0006738767,current_A,ina226
,,1,2026-01-05T12:03:43.299262907Z,2026-01-05T13:03:43.299262907Z,2026-01-05T13:03:10Z,0.0006746055,current_A,ina226
,,1,2026-01-05T12:03:43.299262907Z,2026-01-05T13:03:43.299262907Z,2026-01-05T13:03:20Z,0.0006691397,current_A,ina226
,,1,2026-01-05T12:03:43.299262907Z,2026-01-05T13:03:43.299262907Z,2026-01-05T13:03:40Z,0.00056815835,current_A,ina226

